ticker,name,sector,market_cap,EPS,PE_ratio,ROE,PB_ratio,div_payout_ratio,PS_ratio,FCF,divident_yield,debt_equity,earnings_growth
4SI.JO,4Sight Holdings Ltd,Technology,15816767488.0,-0.015,,0.02316,51.72414,0.0,32.01226,127186984.0,,4.158,
ABG.JO,Absa Group Limited,Financial Services,13395030966272.0,16.349,987.15515,0.11218,110.10596,0.0,186.48239,,0.019,,
ABSP.JO,ABSA Bank Ltd Pref,Financial Services,363123802112.0,17.941,4514.7983,0.09397,391.9652,,7.5106273,,0.060599998,,
ACL.JO,ArcelorMittal SA Limited,Basic Materials,1058879569920.0,2.326,408.42648,0.84142,230.07991,0.0,33.911274,1944499968.0,,148.718,
ACS.JO,Acsion Limited,Real Estate,164776787968.0,1.494,280.45517,0.08583,21.17124,0.0,225.91226,183229120.0,,15.684,
ACT.JO,AfroCentric Inv Corp Ltd,Healthcare,291778134016.0,0.511,998.0431,0.15491,125.58484,0.6361,36.122425,124728248.0,0.0646,30.589,
ACZ.JO,Arden Capital Limited,Consumer Cyclical,218984000.0,-2.603,,-0.24354,3.220612,0.0,7.2532864,-10644498.0,,2.916,
ADH.JO,ADvTECH Ltd,Consumer Defensive,961925021696.0,1.084,1628.2288,0.15461001,236.4367,0.18450001,173.93092,827412480.0,0.0219,46.645,
ADI.JO,Adapt IT Holdings Ltd,Industrials,96769712128.0,0.503,1401.5905,0.089090005,120.492226,0.0,64.36819,251549072.0,,65.739,
ADR.JO,Adcorp Holdings Limited,Industrials,57566400512.0,0.275,1949.0908,0.01551,42.753452,0.0,5.055425,26241750.0,,50.37,
ADW.JO,African Dawn Capital Ltd,Financial Services,2036700800.0,-0.226,,,,0.0,239.18976,,,,
AEE.JO,African Equity Emp Inv Ltd,Technology,54012420096.0,-0.271,,-0.045819998,19.07735,,23.090431,-370547136.0,0.2,4.068,
AEG.JO,Aveng Group Limited,Industrials,336439705600.0,12.356,231.70929,0.118,2164.0212,0.0,15.640356,367249984.0,,40.545,
AEL.JO,Altron Limited A,Technology,317720002560.0,31.536,26.985033,0.03803,73.51417,1.1429,42.373966,-43250000.0,0.0152,42.024,
AFE.JO,AECI Limited,Basic Materials,1291292246016.0,3.929,2989.3103,0.04247,122.910934,1.4503999,52.38933,599500032.0,0.059499998,45.946,
AFEP.JO,"AECI Limited 5,5% Pref",Basic Materials,10685623296.0,3.929,356.57928,0.04247,14.6614065,,0.43352902,599500032.0,0.0832,45.946,
AFH.JO,Alexander Forbes Grp Hldgs,Financial Services,577846902784.0,0.118,3644.0679,0.10569999,135.56116,0.6875,138.30707,678000000.0,0.048299998,16.123,
AFT.JO,Afrimat Limited,Basic Materials,841067986944.0,5.342,1141.8944,0.32646,312.16415,0.2767,184.57669,814028224.0,0.0273,19.038,
AGL.JO,Anglo American plc,Basic Materials,95031755014144.0,86.05,823.1493,0.29116,2955.2737,0.18110001,2236.357,7662249984.0,0.0533,34.75,
AHA.JO,Arrowhead Prop Ltd A,Real Estate,96586801152.0,0.176,8750.0,0.01867,244.75525,,48.358467,1501245056.0,0.0757,66.791,
AHB.JO,Arrowhead Prop Ltd B,Real Estate,380568797184.0,0.176,2272.7273,0.01867,63.572792,,190.54077,1501245056.0,0.1158,66.791,
AHL.JO,AH-Vest Limited,Consumer Defensive,5302596096.0,0.1,520.0,0.25804,119.815674,8.0689,29.425722,-2317290.0,0.0208,98.379,
AIL.JO,African Rainbow Cap Inv,Financial Services,961972076544.0,0.73,1000.0,0.08428001,82.476555,0.0,1044.4865,570625024.0,,,
AIP.JO,Adcock Ingram Hldgs Ltd,Healthcare,813481000960.0,3.961,1269.6289,0.1436,173.7313,0.202,104.60284,111183624.0,0.0336,6.311,1.51
ALH.JO,Alaris Holdings Ltd,Technology,50420641792.0,0.383,1065.2742,0.19236,190.12117,0.0,153.57866,28934624.0,,9.502,
AME.JO,African Media Ent Ltd,Communication Services,28361267200.0,0.949,3793.4668,0.04277,119.37923,1.0519999,125.83197,20996000.0,0.0511,,
AMS.JO,Anglo American Plat Ltd,Basic Materials,45604264738816.0,266.403,647.2374,0.80764,394.1769,0.1713,224.47684,45265248256.0,0.077,3.855,
ANG.JO,Anglogold Ashanti Ltd,Basic Materials,12347985887232.0,33.746,876.7558,0.27438,3236.7356,0.2148,2787.9849,740875008.0,0.0247,54.505,0.64
ANH.JO,Anheuser-Busch InBev SA NV,Consumer Defensive,181121857880064.0,39.615,2631.9575,,3009.178,0.4181,3425.602,,0.0086,113.923,2.83
ANI.JO,Afine Investments Ltd,Real Estate,27200000000.0,,,,,,,,,,
AON.JO,African & Over Ent Ltd -N,Consumer Cyclical,7421099520.0,-4.471,,0.08354,63.807346,0.0,15.960692,123607752.0,,125.558,
AOO.JO,African & Over Ent Ltd,Consumer Cyclical,2120000000.0,-4.471,,0.08354,149.05959,0.0,4.559522,123607752.0,,125.558,
APF.JO,Accelerate Prop Fund Ltd,Real Estate,113165295616.0,-0.71,,-0.106929995,18.387096,0.0,115.76965,-774521280.0,,103.484,
APH.JO,Alphamin Resources Corp,Basic Materials,2169448693760.0,0.321,5573.2085,0.16237,10222.857,0.0,7801.212,69945232.0,,15.623,
APN.JO,Aspen Pharmacare Hldgs Ltd,Healthcare,9896652177408.0,10.528,2065.2546,0.07116,150.8014,0.0,262.0519,8945999872.0,0.0116,37.951,0.79
ARA.JO,Astoria Investments Ltd,Financial Services,28385200128.0,2.679,186.63681,0.53319,875.6568,0.0,2787.8726,6030969.0,,,
ARH.JO,ARB Holdings Limited,Technology,173900005376.0,0.814,909.0909,0.16614,140.73793,0.0,59.495323,206949504.0,0.0448,13.016,
ARI.JO,African Rainbow Min Ltd,Basic Materials,4547301867520.0,63.99,362.85355,0.39731,113.13042,0.26569998,231.33243,2350625024.0,0.1694,3.356,0.79
ARL.JO,Astral Foods Ltd,Consumer Defensive,648716943360.0,12.17,1372.6376,0.11098,155.24516,0.90790004,40.887398,190501248.0,0.0417,18.44,
ART.JO,Argent Industrial Ltd,Basic Materials,76434776064.0,2.849,466.47946,0.14936,64.36771,0.0,35.513977,21882376.0,,18.427,
ASC.JO,Ascendis Health Ltd,Healthcare,39964004352.0,-2.265,,-1.67082,115.76011,0.0,17.928434,-4661069824.0,,1359.719,
ATI.JO,Afristrat Inv Hldgs Ltd,Industrials,59445899264.0,-0.005,,,,0.0,-404.38013,,,,
ATT.JO,Attacq Limited,Real Estate,540830072832.0,0.216,3550.9258,0.01358,48.68605,0.0,219.76573,64059376.0,,91.65,2.33
AVI.JO,AVI Ltd,Consumer Defensive,2508661194752.0,4.974,1527.9453,0.34939,569.886,0.8243,189.05896,1814562560.0,0.073,43.588,2.06
AVL.JO,Advanced Health Ltd,Healthcare,27433175040.0,-0.052,,0.00345,504.58716,0.0,40.3029,70974496.0,,353.763,
AVV.JO,Alviva Holdings Ltd,Technology,205137494016.0,2.589,695.6354,0.12347999,84.94482,0.0579,13.773963,7416125.0,0.0168,59.545,
AYO.JO,Ayo Tech Solutions Ltd,Technology,135928979456.0,-0.596,,-0.06537,35.28676,,79.982124,-544966720.0,0.1714,3.844,
BAT.JO,Brait PLC,Financial Services,604555444224.0,0.997,459.37814,0.12276,1139.3035,0.0,5962.6187,38710352.0,,62.83,
BAU.JO,Bauba Resources Limited,Basic Materials,27743229952.0,-0.047,,-0.08891,83.333336,0.0,100.11992,-117232376.0,,34.804,
BAW.JO,Barloworld Ltd,Industrials,2731496701952.0,13.758,1001.381,0.1362,128.7859,0.0992,65.73525,6197749760.0,0.0315,63.575,1.02
BCF.JO,Bowler Metcalf Ltd,Consumer Cyclical,84505886720.0,1.273,926.1587,0.12942,115.328186,0.3841,132.97334,19913750.0,0.0428,0.218,
BEL.JO,Bell Equipment Ltd,Industrials,123361927168.0,1.539,838.2066,0.04681,34.361515,0.0,16.547428,853284096.0,,30.861,
BHP.JO,BHP Group Plc,Basic Materials,106251904090112.0,35.438,1419.5779,0.2496,4962.711,0.6935,1735.2632,18975250432.0,0.0884,38.79,-0.42
BID.JO,BID Corporation Ltd,Consumer Defensive,11092396867584.0,9.232,3595.1038,0.11273,398.05234,0.0,96.620766,3896800000.0,0.012200001,50.256,1.78
BIK.JO,Brikor Ltd,Industrials,32257679360.0,0.031,1290.3226,0.24518,277.7778,0.0,114.19496,16181000.0,,25.768,
BLU.JO,Blue Label Telecoms Ltd,Communication Services,462770241536.0,0.914,563.45734,0.29823,140.86433,0.0,25.09782,1304778752.0,,55.063,
BRN.JO,Brimstone Inv Corp Ltd-N,Consumer Defensive,137101901824.0,0.986,659.2292,0.114829995,69.91502,0.0,27.996943,75211376.0,,99.658,
BRT.JO,Brimstone Inv Corp Ltd,Consumer Defensive,23961014272.0,0.986,659.2292,0.114829995,69.91502,0.0,4.8929677,75211376.0,,99.658,
BSR.JO,,,,,,,,,,,,,
BTI.JO,British American Tob plc,Consumer Defensive,151282035720192.0,57.801,1140.5858,0.09585,2397.1711,0.9768,5891.0454,4945750016.0,0.0727,71.248,
BUC.JO,Buffalo Coal Corp,Energy,32022827008.0,-0.005,,,,0.0,93.57913,27679966.0,,,
BVT.JO,Bidvest Ltd,Industrials,6585329909760.0,11.305,1713.8434,0.14861,257.86572,0.2568,74.56654,8442138624.0,0.0313,90.09,1.13
BWN.JO,Balwin Properties Ltd,Real Estate,154419118080.0,0.79,416.4557,0.11852,47.612156,0.45369998,50.083977,-552366144.0,0.1278,78.05,
BYI.JO,Bytes Technology Group,Technology,2562457337856.0,2.002,5344.6553,0.52098,69934.64,0.0,6047.725,50184500.0,0.0072000003,3.5,
CAC.JO,Cafca Limited,Industrials,90525122560.0,0.138,840.5797,-0.14285,229.70297,0.76089996,,,,7.559,
CAT.JO,Caxton CTP Publish Print,Communication Services,316390670336.0,1.481,596.894,0.09671,51.497143,0.0,60.606422,406006240.0,0.056199998,0.334,
CATP.JO,Caxton CTP Publish 6%Pf,Communication Services,3046994432.0,1.481,6448.3457,0.09671,556.3323,0.0,0.583669,406006240.0,0.0429,0.334,
CCO.JO,Capital&Counties Prop plc,Real Estate,3193125208064.0,-9.219,,-0.19976999,1927.5437,0.0,45812.414,89675000.0,0.0027,56.951,
CFR.JO,Compagnie Fin Richemont,Consumer Cyclical,128650754129920.0,7.472,3043.8972,0.13611001,7048.032,0.4186,7762.6714,2910500096.0,0.0125,78.669,
CGN.JO,Cognition Holdings Ltd,Industrials,17195474944.0,0.009,8333.334,0.048010003,78.78151,0.0,74.58053,29010452.0,,,
CGR.JO,Calgro M3 Hldgs Ltd,Consumer Cyclical,48560001024.0,0.84,476.1905,0.12708999,55.332687,0.0,45.831573,26157040.0,,105.427,
CHP.JO,Choppies Enterprises Ltd,Consumer Defensive,99455508480.0,0.07,1100.0,,,0.0,18.656906,101454000.0,,,
CKS.JO,Crookes Brothers Ltd,Consumer Defensive,61041934336.0,-0.583,,0.01276,58.91279,,90.89559,161645632.0,0.025,32.4,
CLH.JO,City Lodge Hotels Ltd,Consumer Cyclical,317931356160.0,-1.61,,-1.06948,348.58932,0.0,623.40826,-869454144.0,,227.451,
CLI.JO,Clientele Ltd,Financial Services,352088096768.0,1.169,898.20355,0.37458,325.78342,0.8129,122.786896,345330240.0,0.1014,10.182,
CLS.JO,Clicks Group Ltd,Healthcare,7554315321344.0,7.438,4136.058,0.38285,1572.0782,0.7648,202.31686,2755183360.0,0.0154,60.828,2.74
CMH.JO,Combined Motor Hldgs Ltd,Consumer Cyclical,185508954112.0,4.445,557.93024,0.37587002,191.98018,0.5061,17.611015,391787360.0,0.0946,120.593,
CML.JO,Coronation Fund Mngrs Ld,Financial Services,1828049649664.0,4.879,1071.1211,0.76874,806.73047,0.9203,423.84644,11349250048.0,0.081599995,24.051,
CMO.JO,Chrometco Ltd,Basic Materials,15254579200.0,-0.078,,-5.43333,,0.0,13.64516,-91948872.0,,,
CND.JO,Conduit Capital Ltd,Financial Services,46802763776.0,-0.211,,-1.51274,2615.3845,0.0,44.409744,-53995876.0,,399.716,
COH.JO,Curro Holdings Limited,Consumer Defensive,738483044352.0,0.011,112272.73,-0.00097000005,106.273125,0.0,224.59947,-210624992.0,,45.255,
CPI.JO,Capitec Bank Hldgs Ltd,Financial Services,24316357902336.0,66.927,3142.2295,0.26708,762.17194,0.239,1162.5182,,0.0136,,
CPIP.JO,Capitec Bank Hldgs Pref,Financial Services,169845456896.0,66.927,164.34323,0.26708,39.862717,,8.119984,,0.056799997,,
CRP.JO,Capital & Regional Plc,Real Estate,208404004864.0,-24.746,,-0.67609,1112.0918,0.0,2964.495,6487500.0,,377.348,
CSB.JO,Cashbuild Ltd,Consumer Cyclical,613128798208.0,29.326,922.3897,0.28256,240.26718,0.3396,48.60073,940243520.0,0.1675,65.171,
CSG.JO,CSG Holdings Ltd,Industrials,17640050688.0,0.117,290.5983,0.0975,40.332146,0.0,11.114419,-41825248.0,,28.019,
CTA.JO,CAPITAL APPRECIATION LTD,Technology,243326009344.0,0.132,1515.1515,0.118389994,171.52658,0.41669998,330.96124,45062248.0,0.0419,1.075,
,,,,,,,,,,,,,
DCP.JO,Dis-Chem Pharmacies Ltd,Healthcare,3026597969920.0,0.902,3902.439,0.2793,990.43335,0.3448,106.54349,1659816448.0,0.0147,135.656,
DGH.JO,Distell Group Hldgs Ltd,Consumer Defensive,3727900540928.0,8.778,1930.1664,0.15685001,284.85684,0.0,186.84683,2809862912.0,,34.626,
DIA.JO,Dipula Income Fund A,Real Estate,246116122624.0,0.801,1161.0487,0.08623,90.30879,0.73690003,187.30927,251942256.0,0.1347,64.02,
DIB.JO,Dipula Income Fund B,Real Estate,105856393216.0,0.801,499.3758,0.08623,38.84249,0.56310004,80.56312,251942256.0,0.2347,64.02,
DKR.JO,Deutsche Konsum REIT-AG,Real Estate,72069595136.0,33.075,61.980347,0.21283,154.00797,0.2299,861.6436,-25066288.0,0.0242,132.318,
DLT.JO,Delta Property Fund Ltd,Real Estate,44996489216.0,-0.302,,-0.05947,12.321533,0.0,31.503572,142458496.0,,131.917,
DNB.JO,Deneb Investments Ltd,Industrials,77985464320.0,0.363,493.11295,0.11133,49.13533,0.28280002,26.509085,120572128.0,0.0579,63.206,
DRA.JO,DRA Global Ltd,Industrials,181726937088.0,3.557,943.2106,,845.72723,,168.99942,,,19.116,
DRD.JO,DRD Gold Ltd,Basic Materials,1092835672064.0,16.72,76.43541,0.32501,22.673243,0.4486,207.40855,737312512.0,0.0871,1.137,
DSBP.JO,Discovery Ltd B pref,Financial Services,99251519488.0,4.754,2030.2902,0.07079,138.91367,,1.2703218,-13192875008.0,0.0698,43.278,
DSY.JO,Discovery Ltd,Financial Services,9449438707712.0,4.754,3026.2935,0.07079,207.06082,0.0,120.94352,-13192875008.0,,43.278,1.12
DTC.JO,Datatec Ltd,Technology,801659813888.0,0.918,4025.0544,0.02664,1289.7034,1.1819999,182.04778,26587000.0,0.026700001,99.706,
EEL.JO,Efora Energy Limited,Energy,13245960192.0,-0.411,,-2.3300102,444.44443,0.0,7.8178806,18487250.0,,,
ELI.JO,Ellies Holdings Ltd,Technology,28188999680.0,0.014,2500.0,0.009649999,179.48718,0.0,27.27995,-2402375.0,,104.765,
EMH.JO,E Media Holdings Ltd,Communication Services,,,,0.0841,,0.2929,,924313984.0,0.082600005,14.143,
EMI.JO,Emira Property Fund Ltd,Real Estate,509326557184.0,0.955,1039.7906,0.06279,65.42795,0.8615,269.06357,507769984.0,0.1355,72.392,1.58
EMN.JO,E Media Holdings Ltd -N-,Communication Services,145021796352.0,0.449,857.461,0.0841,63.395355,0.2929,49.994293,924313984.0,0.09020001,14.143,
ENX.JO,enX Group LImited,Industrials,141466271744.0,1.653,471.86932,0.06414,53.889732,0.0,32.63659,-481473248.0,,82.031,
EOH.JO,EOH Holdings Ltd,Technology,113067859968.0,-1.66,,-1.00112,717.3447,0.0,16.44812,120343376.0,,1535.953,
EPE.JO,EPE Capital Partners Ltd,Financial Services,130552496128.0,0.018,28166.668,0.00271,76.05761,0.0,4012.9253,4629125.0,,9.087,
EPP.JO,EPP N.V.,Real Estate,1048678825984.0,-1.076,,-0.05629,1127.9297,0.0,6645.8726,27992500.0,,157.926,
EPS.JO,Eastern Platinum Ltd,Basic Materials,53750185984.0,0.481,810.8108,0.04091,409.234,0.0,785.69507,-13204125.0,,60.164,
EQU.JO,Equites Prop Fund Ltd,Real Estate,1665588789248.0,2.625,870.8571,0.15112,129.64328,0.58599997,1140.8595,122191624.0,0.0698,44.016,
ETO.JO,Etion Limited,Technology,24269672448.0,0.205,209.7561,0.09352,56.5046,0.0,36.267563,-33588752.0,,13.536,
EUZ.JO,Europa Metals Limited,Basic Materials,8704365568.0,-0.804,,-1.3224499,2244.898,0.0,58997.848,-1653749.0,,5.691,
EXP.JO,Exemplar REITail Ltd,Real Estate,318999363584.0,1.025,936.5854,0.09402,87.04325,0.8296,355.01178,7851583.0,0.0945,68.717,
EXX.JO,Exxaro Resources Ltd,Energy,6164959985664.0,44.601,391.98672,0.25636998,108.749466,0.48400003,205.56718,3363249920.0,0.2599,22.97,
FBR.JO,Famous Brands Ltd,Consumer Cyclical,786585681920.0,3.923,2001.0195,3.2978,2266.1663,0.0,138.51051,123559624.0,,364.605,
FFA.JO,Fortress REIT Ltd A,Real Estate,1493183889408.0,1.559,822.322,0.13171,104.54212,0.1475,379.03494,236747376.0,0.0586,61.687,
FFB.JO,Fortress REIT Ltd B,Real Estate,338932432896.0,1.559,230.91725,0.13171,29.356602,0.0,86.035774,236747376.0,,61.687,1.44
FGL.JO,Finbond Group Ltd,Financial Services,85412495360.0,-0.245,,-0.13655,90.99181,0.0,49.086033,111694624.0,,197.694,
,,,,,,,,,,,,,
FSR.JO,Firstrand Ltd,Financial Services,36127377457152.0,4.769,1350.8073,0.17704001,227.58426,0.2307,380.63675,,0.0497,,1.04
FSRP.JO,Firstrand Ltd B Pref,,501741158400.0,,1972.4366,,,,,,,,
FTH.JO,Frontier Transport Hldg Ld,Industrials,145000005632.0,0.856,584.1121,0.19205,109.02747,0.514,75.60203,307458240.0,0.0794,23.34,
FVT.JO,Fairvest Property Hldgs,Real Estate,218807599104.0,0.295,735.59326,0.1402,94.34783,0.6949,397.75027,212711744.0,0.100200005,52.187,
GFI.JO,Gold Fields Ltd,Basic Materials,13928280096768.0,16.742,937.164,0.28254,3567.531,0.2914,3379.5022,502849984.0,0.0311,44.236,
GLI.JO,Go Life International Ld,Healthcare,900000000.0,-0.005,,,,0.0,,97808.0,,,
GLN.JO,Glencore plc,Basic Materials,115198564237312.0,2.381,3666.9465,0.04476,3074.296,0.375,697.4039,10810999808.0,0.021,100.599,
GML.JO,Gemfields Group Limited,Basic Materials,435947503616.0,-0.204,,-0.025,1008.1081,0.0,3732.3313,25170250.0,,8.48,
GND.JO,Grindrod Ltd,Industrials,325797314560.0,-0.892,,-0.06762,42.791603,0.0,84.61059,2972186624.0,,61.754,
GNDP.JO,Grindrod Ltd Pref,Industrials,4761274368.0,-0.892,,-0.06762,742.8975,,1.236518,2972186624.0,0.0722,61.754,
GPL.JO,Grand Parade Inv Ltd,Consumer Cyclical,123658297344.0,-0.068,,-0.01822,69.84924,0.0,73.789375,-20962000.0,,43.685,
GRT.JO,Growthpoint Prop Ltd,Real Estate,4971622301696.0,-0.153,,0.0057,74.86165,,378.7614,4207749888.0,0.0775,82.092,1.1
GSH.JO,Grindrod Shipping Hldg Ltd,Industrials,516767219712.0,41.787,664.53687,0.23048,1843.5239,0.0,1217.3063,99972376.0,0.1685,101.798,
GTC.JO,Globe Trade Centre S.A.,Real Estate,971110023168.0,-0.796,,-0.02095,988.63074,0.0,5958.827,-5948750.0,,133.78,
HAR.JO,Harmony GM Co Ltd,Basic Materials,3469948747776.0,8.25,688.8485,0.18773001,112.34778,0.1333,83.1464,-477000000.0,0.0084,11.604,0.65
HCI.JO,Hosken Cons Inv Ltd,Industrials,622618148864.0,-5.317,,0.09252,49.73257,0.0,35.73949,1901790976.0,,87.512,
HDC.JO,Hudaco Industries Ltd,Industrials,398214889472.0,15.398,854.007,0.20841,150.44044,0.2676,56.882664,785761152.0,0.051,43.661,
HET.JO,Heriot REIT Limited,Real Estate,293705383936.0,1.226,938.0098,0.11046,100.656456,,582.5939,190204992.0,0.0759,61.87,
HIL.JO,Homechoice Int plc,Consumer Cyclical,324990763008.0,1.686,1832.7402,0.05619,99.35372,0.0,116.77713,-229875008.0,0.0152,36.583,
HLM.JO,Hulamin Ltd,Basic Materials,141908164608.0,0.282,1631.2057,0.037469998,57.320873,0.0,13.679245,-152479376.0,,33.72,
HMN.JO,Hammerson plc,Real Estate,3322062831616.0,-5.182,,-0.309,1100.8772,,12617.025,292675008.0,0.0117999995,75.518,
HUG.JO,Huge Group Ltd,Communication Services,59728031744.0,2.947,116.728874,0.41939,39.74122,0.0,246.95341,85921880.0,,8.052,
HUL.JO,Hulisani Limited,Utilities,21500000256.0,0.68,632.3529,0.09079,55.298355,0.088199995,338.30032,13086875.0,0.0139999995,26.014,
,,,,,,,,,,,,,
HYP.JO,Hyprop Inv Ltd,Real Estate,1284172677120.0,-2.969,,-0.043390002,59.669018,,462.37787,-422441632.0,0.0881,28.729,1.78
IAP.JO,Irongate Group,Real Estate,1200925573120.0,1.063,1750.7056,0.29006,1230.8202,0.785,19118.58,-39745528.0,0.0511,42.237,
ILE.JO,Imbalie Beauty Limited,Consumer Defensive,2768079872.0,-0.005,,0.07698,95.2381,0.0,930.7599,18551376.0,,11.217,
ILU.JO,Indluplace Properties Ltd,Real Estate,106788225024.0,-0.344,,-0.04657,48.738533,,177.71957,-4104039.0,0.078099996,66.192,
IMP.JO,Impala Platinum Hlgs Ltd,Basic Materials,17658992918528.0,59.57,364.78094,0.6166,201.39017,0.235,136.28395,31908374528.0,0.096099995,1.465,-0.48
INL.JO,Investec Ltd,Financial Services,2327151902720.0,8.695,1000.23004,0.08151,1680.5796,0.5573,1341.2445,,0.0546,,
INLP.JO,Investec Bank Ltd Pref,Financial Services,3820176384.0,59.559,166.80939,0.11076,14.284584,,0.29325065,,0.0589,,
INP.JO,Investec plc,Financial Services,6115089186816.0,8.695,1010.3508,0.08151,1697.5845,0.3268,3524.4067,,0.042,,
INPP.JO,Investec plc Pref,Financial Services,105044279296.0,0.66,16666.666,,1616.9337,,,,0.023599999,,
INPPR.JO,Investec plc Pref (Rand),Financial Services,84443144192.0,8.695,920.6441,0.08151,1546.8599,,48.668465,,0.083100006,,
INPR.JO,Investec Ltd Pref,,79958736896.0,,12553.495,,,,,,,,
IPF.JO,Investec Property Fund Ltd,Real Estate,1018221297664.0,0.638,1982.7585,0.06264,75.66242,1.2333,685.79376,4051442944.0,0.08229999,71.828,
IPL.JO,Imperial Logistics Ltd,Industrials,1276808658944.0,4.89,1320.8589,0.06662,178.08597,0.4511,24.456188,4555874816.0,0.038900003,130.919,0.83
ISA.JO,ISA Holdings Limited,Technology,13291599872.0,0.083,1132.5302,0.21505,233.83084,1.0921,197.45082,7107250.0,0.0844,,
ISB.JO,Insimbi Ind Hldgs Ltd,Industrials,41388097536.0,0.195,512.82056,0.16608,73.31378,0.0,6.9905415,-32558856.0,,114.657,
ITE.JO,Italtile Ltd,Consumer Cyclical,1946704019456.0,1.401,1142.0414,0.29885998,306.396,0.2926,213.1039,782000000.0,0.0294,13.511,
IVT.JO,Invicta Holdings Ltd,Industrials,340304527360.0,6.509,475.49548,0.09956,88.16659,0.16950001,48.891323,1704005120.0,0.0226,34.986,
IVTP.JO,Invicta Hldgs Ltd pref,Industrials,,6.509,1310.6469,0.09956,243.02074,,,1704005120.0,0.0862,34.986,
JBL.JO,Jubilee Metals Group plc,Basic Materials,809076719616.0,0.381,874.01575,0.34874,5644.068,0.0,6090.37,-16112476.0,,6.841,
JSC.JO,Jasco Electron Hldgs Ltd,Industrials,7984691712.0,0.029,1241.3794,-0.46236,264.70587,0.0,12.125189,33500750.0,,555.647,
JSE.JO,JSE Ltd,Financial Services,950731079680.0,7.766,1473.2167,0.17152001,249.97815,0.9257,394.56445,-467394880.0,0.066,7.335,
KAL.JO,Kaap Agri Limited,Consumer Defensive,370169479168.0,4.518,1107.3484,0.14687,153.65007,0.1992,34.979107,190006880.0,0.0402,63.182,
KAP.JO,KAP Industrial Hldgs Ltd,Industrials,1103603171328.0,0.383,1138.3812,0.11771,107.680916,0.0,46.06792,331500000.0,0.0346,70.131,0.68
KBO.JO,Kibo Energy plc,Energy,20514621440.0,-0.044,,-0.2343,583.3333,0.0,,-2664635.0,,2.514,
KIO.JO,Kumba Iron Ore Ltd,Basic Materials,15991348133888.0,117.212,425.3831,0.77565,278.22263,0.5194,142.60037,46550499328.0,0.2492,0.567,
KP2.JO,Kore Potash plc,Basic Materials,74260783104.0,-0.02,,-0.01801,400.0,0.0,-4203837,-5184871.0,,,
KRO.JO,Karooooo Ltd,Technology,1732952064000.0,14.615,3830.9956,,928.17,0.0,696.14105,,,10.997,304.74
KST.JO,PSG Konsult Limited,Financial Services,1846180052992.0,0.584,2397.2603,0.21714,492.95776,0.4195,333.74948,,0.0195,7.114,
L2D.JO,Liberty Two Degrees LTD,Real Estate,416930889728.0,0.097,4845.361,0.0127,61.712185,3.1479998,464.49832,195901120.0,0.1013,30.513,
L4L.JO,Long 4 Life Limited,Consumer Cyclical,369071980544.0,0.535,1084.112,0.08055,79.779915,0.0,92.094025,539330496.0,0.0174,12.411,
LAB.JO,Labat Africa Ltd,Technology,14873639936.0,-0.008,,-0.6339,197.36842,0.0,-94.23477,-37897500.0,,17.089,
LBH.JO,Liberty Holdings Ltd,Financial Services,2563193962496.0,3.688,2638.5576,0.047470003,120.77397,0.0,31.537685,16972874752.0,,64.258,
LBR.JO,Libstar Holdings Ltd,Consumer Defensive,398002388992.0,0.083,8048.193,0.009,75.20829,6.0241,37.20836,296904384.0,0.0358,52.35,
LEW.JO,Lewis Group Ltd,Consumer Cyclical,313836765184.0,6.632,742.0084,0.10144,71.13225,0.4945,44.218555,613862528.0,0.0806,17.567,
LHC.JO,Life Healthc Grp Hldgs Ltd,Healthcare,3317121417216.0,1.203,1896.0931,0.09437,183.61104,0.0,122.58847,2400624896.0,0.0106,68.118,0.81
LNF.JO,London Fin Inv Group plc,Financial Services,21845250048.0,1.028,680.93384,0.08796,1157.0248,0.244,21229.592,251250.0,0.0334,4.447,
LTE.JO,Lighthouse Capital Ltd,Real Estate,1457508450304.0,-3.593,,,5677.215,,-14030.773,,0.0537,53.305,
LUX.JO,Luxe Holdings Limited,Consumer Cyclical,5325528064.0,-0.831,,-0.1478,42.5155,0.0,12.007197,39648876.0,,155.649,
MCG.JO,MultiChoice Group Ltd,Communication Services,5115004583936.0,2.447,4878.2183,0.31847998,426.29095,2.3347,94.45294,21525250048.0,0.0464,183.038,
MCZ.JO,MC Mining Limited,Energy,19148079104.0,-1.233,,-0.11522,178.41727,0.0,924.9386,3198375.0,,25.246,
MDI.JO,Master Drilling Grp Ltd,Industrials,180002979840.0,0.793,1500.6305,0.04698,1114.2323,0.0,1306.8418,15176591.0,,24.446,
MEI.JO,Mediclinic Int plc,Healthcare,5112787369984.0,3.428,2023.0455,0.04341,1682.0276,0.0,1615.4147,227175008.0,,81.424,
MFL.JO,Metrofile Holdings Ltd,Industrials,144855793664.0,0.312,1070.5128,0.26347,259.31677,0.44939998,155.18074,178552128.0,0.0466,104.157,
MHB.JO,Mahube Infrastructure Ltd,Financial Services,28954275840.0,0.289,1816.609,0.026199998,48.129814,1.7330999,4535444,-30082050.0,0.090299994,0.149,
MIX.JO,Mix Telematics Ltd,Technology,428143116288.0,0.39,1810.2565,0.116960004,3137.7778,0.35970002,3070.8655,14593000.0,0.0202,6.337,
MKR.JO,Montauk Renewables Inc,Utilities,2213935579136.0,-0.853,,-0.04572,12712.551,0.0,17203.365,20641750.0,,34.637,
MLI.JO,Industrials REIT Limited,Real Estate,1215485444096.0,5.045,828.5431,0.18832001,2623.9797,0.2365,24098.605,52111248.0,0.033800002,32.23,
MMP.JO,Marshall Monteagle plc,Industrials,86058000384.0,0.784,3061.2246,0.04344,982.801,0.18110001,647.3203,467250.0,0.0274,21.268,
MNP.JO,Mondi plc,Basic Materials,18760350040064.0,21.5,1797.0698,0.13258,4417.6763,0.758,2743.5435,391375008.0,0.026600001,49.525,
MPT.JO,Mpact Limited,Consumer Cyclical,514606563328.0,3.037,1157.3922,0.14389,144.081,0.1408,43.165173,687437504.0,,52.653,
MRF.JO,Merafe Resources Ltd,Basic Materials,326391005184.0,0.213,610.3286,0.20688,114.1352,0.0,52.74476,751587136.0,0.0588,0.6,
MRP.JO,Mr Price Group Ltd,Consumer Cyclical,5285526110208.0,11.493,1793.3524,0.2888,483.83765,0.5818,204.57198,2098562560.0,0.0475,59.061,
MSM.JO,Massmart Holdings Ltd,Consumer Cyclical,1391532703744.0,-7.7,,-0.59835,792.06683,0.0,15.69861,29637500.0,,1100.758,
MSP.JO,MAS P.L.C,Real Estate,1506912763904.0,1.821,1174.6294,0.07903,1733.3875,0.0,33218.984,247171120.0,0.048499998,46.9,2.59
MST.JO,Mustek Ltd,Technology,85521997824.0,4.245,330.2709,0.23864001,68.5206,0.0612,10.642994,314577888.0,0.0677,88.775,
MTA.JO,Metair Investments Ltd,Consumer Cyclical,529778999296.0,3.723,738.383,0.18115999,135.89401,0.2016,43.110596,609287360.0,0.028199999,56.87,
MTH.JO,Motus Holdings Ltd,Consumer Cyclical,2052873781248.0,11.1,983.4234,0.17402,171.12668,0.1441,23.54078,8257874944.0,0.0383,99.301,1.4
MTM.JO,Momentum Met Hldgs Ltd,Financial Services,2853494849536.0,0.313,6408.946,0.02422,138.28761,0.79870003,26.571327,-19672000512.0,0.015700001,51.617,3.4
MTN.JO,MTN Group Ltd,Communication Services,29413485838336.0,4.135,3954.0505,0.099589996,275.54477,0.0,161.57527,34469249024.0,,127.584,
MTNZF.JO,MTN Zakhele Futhi,Financial Services,382962958336.0,-0.286,,-0.056789998,113.355736,0.0,Infinity,-39305500.0,,28.906,
,,,,,,,,,,,,,
MUR.JO,Murray & Roberts Hldgs,Industrials,550715064320.0,-0.45,,0.0166,111.014534,0.0,25.167837,1187800064.0,,60.433,108.55
N91.JO,Ninety One Plc,Financial Services,3459788308480.0,4.283,1297.4551,0.7268,17585.441,0.626,5272.46,1846412544.0,0.047,38.703,
NCS.JO,Nictus Ltd,Consumer Cyclical,4809914880.0,0.109,825.6881,0.057210002,46.923878,0.4591,95.32512,-17310750.0,0.0556,9.116,
NED.JO,Nedbank Group Ltd,Financial Services,8857093931008.0,15.076,1210.3342,0.082159996,93.86462,0.0,193.23022,,0.048,,
NFP.JO,New Frontier Prop Ltd,Real Estate,3235265024.0,-0.164,,,,0.0,287.01782,-1862750.0,,,
NPH.JO,Northam Platinum Hldgs Ltd,Basic Materials,7457665449984.0,25.235,815.8906,0.65465,378.82944,0.0,228.57402,6707767808.0,,49.925,0.71
NPK.JO,Nampak Ltd,Consumer Cyclical,245382725632.0,0.321,1183.8005,0.088640004,50.815723,0.0,17.579575,233612496.0,,169.003,
NPKP.JO,Nampak Ltd 6%Pref,Consumer Cyclical,,0.321,373.83176,0.088640004,16.047071,,,233612496.0,0.05,169.003,
NPN.JO,Naspers Ltd -N-,Communication Services,54226642272256.0,561.077,450.67786,0.44219002,4213.3633,0.010299999,7733.4062,1814125056.0,0.0026,20.017,
,,,,,,,,,,,,,
NRL.JO,Newpark REIT Ltd,Real Estate,37900001280.0,0.464,816.81036,0.053239997,43.289547,0.8586,354.1328,20768376.0,0.114300005,54.571,
NRP.JO,NEPI Rockcastle Plc,Real Estate,6504066842624.0,4.463,2393.0093,0.041020002,1755.1356,0.71129996,12768.094,484988384.0,0.0575,61.351,
NT1.JO,Net 1 UEPS Tech Inc,Technology,453119803392.0,-6.284,,-0.08396,1744.186,0.0,3481.4128,-90876128.0,,21.677,3.85
NTC.JO,Netcare Limited,Healthcare,2095078965248.0,0.543,2885.8196,0.07455,210.93015,0.0,98.824486,1115000064.0,0.021300001,102.776,1.11
NTCP.JO,Netcare Limited Pref,Healthcare,24723521536.0,0.543,15745.856,0.07455,1150.8951,,1.1662039,1115000064.0,0.0679,102.776,
NUT.JO,Nutritional Holdings Ltd,Consumer Defensive,546134976.0,0.027,37.037037,1.02234,28.571428,0.0,12.290648,-18355124.0,,106.724,
NVE.JO,NVest Financial Hldgs Ltd,Financial Services,45253513216.0,0.22,836.36365,0.147,115.43288,0.5229,157.42406,58471636.0,0.0639,24.995,
NVS.JO,Novus Holdings Limited,Industrials,76636561408.0,-0.076,,-0.00964,32.21044,,27.003141,-90976128.0,0.21280001,3.093,
NWL.JO,Nu-World Hldgs Ltd,Technology,67767209984.0,6.552,480.76923,0.10583,50.016674,0.2982,28.73669,348377984.0,0.078099996,5.425,
NY1.JO,Ninety One Limited,Financial Services,5023860260864.0,4.283,1278.3096,0.7268,17325.95,0.626,7655.9893,1846412544.0,0.0687,38.703,
OAO.JO,Oando plc,Energy,261059395584.0,,,0.11078,,0.0,,,,76.066,
OAS.JO,Oasis Crescent Prop Fund,Real Estate,134684975104.0,2.527,801.34546,0.11139,86.14822,0.35169998,1253.9917,27888000.0,0.040900003,0.104,
OCE.JO,Oceana Group Ltd,Consumer Defensive,633002262528.0,6.332,856.2856,0.15463,128.15846,0.6206,76.72939,1687371008.0,0.071,76.225,
OCT.JO,Octodec Invest Ltd,Real Estate,231592263680.0,-0.657,,-0.028180001,38.70968,,124.00296,289324512.0,0.061,79.859,1.35
OLG.JO,Onelogix Group Ltd,Industrials,64041402368.0,0.125,2288.0,0.04393,69.11552,0.0,26.002647,231151120.0,,101.38,
OMN.JO,Omnia Holdings Ltd,Industrials,976558096384.0,9.738,613.78107,0.09651,104.736534,0.36830002,48.551163,3085499904.0,0.031400003,6.94,
OMU.JO,Old Mutual Limited,Financial Services,6630272401408.0,0.794,1773.2997,0.057010002,97.29132,0.44189999,29.69714,-1908625024.0,0.0452,24.154,
ORN.JO,Orion Minerals Limited,Basic Materials,147317915648.0,-0.006,,-0.03625,1545.4546,0.0,3202563.5,-7769375.0,,4.389,
PAN.JO,Pan African Resource plc,Basic Materials,721195433984.0,0.616,607.1429,0.31971002,2544.2178,0.2373,1954.9111,59396064.0,0.048,26.058,0.91
PBG.JO,PBT Group Limited,Technology,82130468864.0,0.607,1614.4976,,257.4882,0.6173,94.581406,,0.0588,,
PEM.JO,Pembury Lifestyle Grp Lt,Consumer Defensive,4062850048.0,-0.139,,-0.25469,33.333332,0.0,27.967184,78155800.0,,25.771,
PFB.JO,Premier Fishing Brands Ltd,Consumer Defensive,19499999232.0,-0.021,,0.00223,26.671408,,37.699955,-1183000.0,0.0714,5.645,
PIK.JO,Pick n Pay Stores Ltd,Consumer Cyclical,2591178358784.0,2.289,2359.5457,0.35539,886.8637,1.5381,26.643112,2194512384.0,0.0735,791.125,
PMV.JO,Primeserv Group Ltd,Industrials,10205147136.0,0.271,442.80444,0.12630999,52.863438,0.14770001,13.129441,22850000.0,0.0374,2.678,
PPC.JO,PPC Limited,Basic Materials,813126582272.0,0.545,990.8257,0.21708,103.84616,0.0,82.997505,1057124992.0,,30.805,
PPE.JO,Purple Group Ltd,Financial Services,385309081600.0,0.043,7767.4414,0.1878,991.0979,0.0,1956.5688,,,11.141,
PPH.JO,Pepkor Holdings Ltd,Consumer Cyclical,8665767608320.0,1.308,1792.049,0.0874,148.93887,0.0,112.06362,5225375232.0,0.02,43.789,0.35
PPR.JO,Putprop Ltd,Real Estate,15903450112.0,0.526,712.92773,0.0374,26.633522,0.19,211.8511,5428250.0,0.0375,81.448,
PRX.JO,Prosus N.V.,Communication Services,263459736387584.0,200.109,653.87366,0.44414002,3777.7456,0.0101,43851.49,1977250048.0,0.0019,19.779,
PSG.JO,PSG Group Ltd,Industrials,1810053595136.0,36.625,236.01366,0.39334,78.53042,0.0448,219.05525,5337375232.0,,0.26,
PSV.JO,PSV Holdings Ltd,Industrials,3255311872.0,-0.074,,-0.06107,170.21277,0.0,16.132841,-22897596.0,,258.415,
QFH.JO,Quantum Foods Hldgs Ltd,Consumer Defensive,114577260544.0,0.53,1094.3397,0.05446,57.29527,0.1887,21.213627,-158453504.0,0.0294,5.451,
QLT.JO,Quilter Plc,Financial Services,5333621669888.0,0.812,3966.7488,0.03507,3100.0962,1.3296001,649.254,-1023000000.0,0.0353,17.91,
RACP.JO,RECM and Calibre Limited,Financial Services,56880001024.0,1.99,603.0151,0.119729996,84.40599,0.0,37437.85,-199692.0,,,
RAV.JO,Raven Property Group Ltd,Real Estate,538168328192.0,2.288,415.20978,0.21595,1855.4686,0.0,3692.534,20530576.0,,349.851,
RBP.JO,Royal Bafokeng Platinum Ltd,Basic Materials,4450662481920.0,26.863,577.78357,0.36532003,183.33983,0.21100001,242.44118,1909787520.0,0.0705,8.729,
RBX.JO,Raubex Group Ltd,Industrials,669122822144.0,2.509,1474.691,0.111719996,145.90482,0.21040002,61.41257,206809744.0,0.0239,21.878,
RCL.JO,RCL Foods Limited,Consumer Defensive,1285445779456.0,1.117,1208.5945,0.09707,111.76421,0.22379999,40.565887,-150579632.0,0.045500003,41.321,
RDF.JO,Redefine Properties Ltd,Real Estate,2357761409024.0,0.502,864.5419,0.07198,60.119133,0.0,328.97778,4710812672.0,0.1363,78.691,1.62
REA.JO,Rebosis Property Fund Ltd A,Real Estate,19549194240.0,-0.383,,-0.087390006,73.67668,0.0,11.729564,-4633930752.0,,298.502,
REB.JO,Rebosis Property Fund Ltd,Real Estate,18814814208.0,-0.383,,-0.087390006,6.4377685,0.0,11.288934,-4633930752.0,,298.502,
REM.JO,Remgro Ltd,Financial Services,6974017634304.0,6.255,2119.904,0.049310002,85.07744,0.1279,105.98328,3763000064.0,0.009,16.616,
REN.JO,Renergen Limited,Financial Services,461159301120.0,-0.345,,-0.16018,1594.2954,0.0,203692.27,-268515488.0,,181.145,
RES.JO,Resilient REIT Limited,,2183868448768.0,,,,,,,,,,
RFG.JO,RFG Holdings Limited,Consumer Defensive,353209942016.0,0.821,1644.3362,0.08071999,128.71854,0.3508,59.362785,59184624.0,0.0242,39.492,0.63
RHB.JO,RH Bophelo Limited,Healthcare,32345649152.0,1.927,259.47067,0.14523,34.916203,0.0785,183.32933,42812160.0,0.03,0.361,
RLO.JO,Reunert Ltd,Industrials,812167004160.0,4.81,1059.0437,0.11512,121.30882,0.5447,84.82162,278750016.0,0.081499994,15.408,
RMH.JO,RMB Holdings Ltd,Financial Services,231518797824.0,-0.068,,,61.2855,0.0,-4134.2656,,,,
RMI.JO,Rand Merchant Inv Hldgs Ltd,Financial Services,6975046287360.0,1.885,2419.6287,0.11356,256.06332,0.119399995,366.74097,938750016.0,0.0097,39.963,1.35
RNG.JO,Randgold & Expl Co Ltd,Basic Materials,8590199808.0,-0.159,,-0.10012999,79.9467,0.0,,-12835375.0,,,
RNI.JO,Reinet Investments S.C.A,Financial Services,5686483222528.0,26.994,1143.0688,0.059359998,1189.1476,0.1667,6447.26,550000000.0,0.014400001,0.042,
RSG.JO,Resource Generation Ltd,Energy,38952456192.0,-0.162,,-0.07811,385.0575,0.0,330105.56,-7025750.0,,101.405,
RTN.JO,Rex Trueform Group -N-,Consumer Cyclical,17907261440.0,1.106,906.87164,0.08889,78.267654,0.0,38.51347,126007504.0,,123.738,
RTO.JO,Rex Trueform Group Ltd,Consumer Cyclical,4939859968.0,1.106,1537.0706,0.08889,132.65704,0.0,10.624246,126007504.0,,123.738,
RTOP.JO,Rex Trueform Grp 6%Pref,Consumer Cyclical,395606400.0,1.106,104.88246,0.08889,9.051892,,0.8508378,126007504.0,0.1034,123.738,
S32.JO,South32 Limited,Basic Materials,21752373575680.0,-0.649,,0.01534,2436.4585,0.78470004,3899.6726,777374976.0,0.015,13.48,-3.65
SAC.JO,SA Corp Real Estate Ltd,,638704615424.0,,,,,,,,,,
SAP.JO,Sappi Ltd,Basic Materials,2518426058752.0,0.318,14103.774,0.00722,1278.5063,0.0,478.33353,50125000.0,,117.665,1.63
,,,,,,,,,,,,,
SAR.JO,Safari Investments RSA Ltd,Real Estate,129686478848.0,1.254,401.11646,0.15788999,60.17466,0.3344,331.5662,109921248.0,0.0926,63.163,
SBK.JO,Standard Bank Group Ltd,Financial Services,23049004908544.0,12.537,1157.2147,0.10732,120.24965,0.1916,195.66219,,0.041300002,,287.89
SBKP.JO,"Std Bank Group 6,5%Pref",,,,,,,,,,,,
SBP.JO,Sabvest Capital Limited,Financial Services,238565605376.0,18.966,318.04282,0.25559,73.20122,0.013200001,239.08562,634570496.0,0.0068,7.772,
SBPP.JO,Standard Bank Group Pref,,140352815104.0,,541.39105,,,,,,,,
SCD.JO,Schroder Eur REIT plc,Real Estate,304247111680.0,0.838,2714.797,0.03108,1524.799,0.5075,30657.709,-27906000.0,,35.297,
SDO.JO,Stadio Holdings Limited,Consumer Defensive,292456497152.0,0.038,9078.947,0.01564,182.73305,0.0,288.3177,95840752.0,,14.769,
SEA.JO,Spear REIT Limited,,173320093696.0,0.584,1455.4795,0.05116,71.01086,1.0021,307.79904,53537124.0,0.0752,87.637,
SEB.JO,Sebata Holdings Ltd,Technology,27341500416.0,-2.053,,-0.1999,27.382256,0.0,1111.398,-322892512.0,,4.006,
SEP.JO,Sephaku Holdings Ltd,Basic Materials,48606826496.0,0.078,2448.718,0.01793,43.330307,0.0,76.63639,46199636.0,,12.367,
SFN.JO,Sasfin Holdings Ltd,Financial Services,89087254528.0,2.412,1200.2488,0.04664,57.00053,0.0,80.84128,,0.038599998,,
SHFF.JO,Steinhoff Inv Hldgs Pref,Consumer Cyclical,,,,,,,,,0.0692,,
SHG.JO,Sea Harvest Group Ltd,Consumer Defensive,397465092096.0,1.656,857.4879,0.1664,138.69896,0.2717,88.72747,259125.0,0.031,54.594,
SHP.JO,Shoprite Holdings Ltd,Consumer Cyclical,11342945714176.0,8.74,2375.515,0.22894,539.98804,0.4928,67.50548,6001124864.0,0.026199998,161.394,1.58
SLM.JO,Sanlam Limited,Financial Services,12775550091264.0,4.811,1288.0898,0.15545,212.82368,0.6177,71.68013,4230125056.0,0.0493,21.09,
SNH.JO,Steinhoff Int Hldgs N.V.,Consumer Cyclical,2231343251456.0,-4.939,,,,0.0,277.04782,122750000.0,,,
SNT.JO,Santam Limited,Financial Services,2995768524800.0,13.238,2051.3672,0.15564,301.23462,0.0,100.40448,-3828750080.0,0.015800001,40.126,
SNV.JO,Santova Logistics Ltd,Industrials,79483396096.0,0.716,803.07263,0.16107,121.12913,0.0,151.75537,117026872.0,,32.304,
SOH.JO,South Ocean Holdings Ltd,Industrials,31507933184.0,0.373,415.5496,0.14456001,59.684254,0.0855,14.402231,9910750.0,0.0233,27.671,
SOL.JO,Sasol Limited,Energy,19473306222592.0,14.39,2151.216,0.0683,133.0817,0.0,96.44548,85813624832.0,,77.8,1.2
SOLBE1.JO,BEE - Sasol Limited,Energy,178952994816.0,14.39,1042.3905,0.0683,64.4859,0.0,0.8863008,85813624832.0,,77.8,
SPA.JO,Spanjaard Limited,Basic Materials,3110568704.0,0.572,667.83215,0.09151,58.490276,0.0,21.580938,7270500.0,,43.903,
SPG.JO,Super Group Ltd,Industrials,1292175933440.0,2.839,1261.0074,0.09474,110.48701,0.0,32.698772,-176631632.0,0.0135,80.853,0.94
SPP.JO,The Spar Group Ltd,Consumer Defensive,3307290755072.0,11.738,1463.7076,0.2715,403.33826,0.8051,25.850225,-963225024.0,0.0638,289.994,1.03
SRE.JO,Sirius Real Estate Ltd,Real Estate,3266329706496.0,2.676,1043.7219,0.17362,3016.1987,0.2547,18169.594,-25051000.0,0.0235,71.834,
SSK.JO,Stefanutti Stck Hldgs Ltd,Industrials,8194955776.0,-1.373,,-0.53459,49.796745,0.0,1.4340303,144447744.0,,1779.873,
SSS.JO,Stor-Age Prop REIT Ltd,Real Estate,648455716864.0,2.228,672.3519,0.17708999,112.39496,0.4764,767.03467,353767264.0,0.078,42.045,
SSW.JO,Sibanye Stillwater Ltd,Basic Materials,15596073779200.0,15.468,358.28806,0.71443003,198.71634,0.2386,96.07848,21833363456.0,0.1248,20.968,
SUI.JO,Sun International Ltd,Consumer Cyclical,640006619136.0,-3.301,,-0.05776,381.44788,0.0,84.18925,5456374784.0,,595.326,
SUR.JO,Spur Corporation Ltd,Consumer Cyclical,197755797504.0,1.105,2126.6968,0.17041,317.31027,0.0,290.2045,86097128.0,0.0325,6.518,
SVB.JO,Silverbridge Holdings,Technology,3747662848.0,0.12,1241.6667,0.06601,74.6493,0.0,38.844337,-3194625.0,0.0417,2.02,
,,,,,,,,,,,,,
SYG.JO,Sygnia Limited,Financial Services,272332046336.0,1.537,1184.125,0.32454,378.85095,0.7526,387.13336,383172640.0,0.071100004,30.177,
SZK.JO,SAB Zenzele Kabili,Financial Services,274888458240.0,-4.96,,,123.18063,,,,,133.224,
TBS.JO,Tiger Brands Ltd,Consumer Defensive,3284524072960.0,11.3,1619.3805,0.11444,195.03123,0.8096,106.11018,2231537408.0,0.075100005,3.613,1.01
TCP.JO,Transaction Capital Ltd,Financial Services,3283577470976.0,3.349,1383.9952,0.27606001,337.01736,0.056399997,676.6077,,0.0139,153.082,1.57
,,,,,,,,,,,,,
TDH.JO,Tradehold Ltd,Real Estate,266001481728.0,-2.174,,-0.09567001,1166.1129,,3456.5398,26192250.0,0.056900002,169.487,
,,,,,,,,,,,,,
TEX.JO,Texton Property Fund Ltd,,130482118656.0,,653.4483,,,,,,,,
TFG.JO,The Foschini Group Limited,Consumer Cyclical,4287920078848.0,-3.713,,-0.06499,236.9415,0.0,108.71347,5038312448.0,0.0137,81.342,
TFGP.JO,"Foschini Ltd 6,5%Pref",Consumer Cyclical,4277007024128.0,-3.713,,-0.06499,2.244709,,108.43678,5038312448.0,0.103199996,81.342,
TGA.JO,Thungela Resources Ltd,Energy,1211268464640.0,,,,115.063385,0.0,,,,1.853,
TGO.JO,Tsogo Sun Hotels LTD,Consumer Cyclical,492144033792.0,-0.618,,-0.115380004,67.88991,0.0,296.11554,47750000.0,,68.746,
THA.JO,Tharisa plc,Basic Materials,759704453120.0,5.928,472.3347,0.34073,1709.4017,0.1982,1273.9344,36935124.0,0.0388,8.166,0.83
TKG.JO,Telkom SA SOC Ltd,Communication Services,2467855073280.0,5.365,930.84814,0.08758,74.662125,0.0,56.777985,10250000.0,,50.517,
TLM.JO,Telemaster Holdings Ltd,Communication Services,8300865024.0,-0.078,,-0.11805,222.55193,,109.20355,8333139.0,0.016,50.584,
TMT.JO,Trematon Capital Inv Ltd,Real Estate,71134306304.0,-0.079,,-0.0086900005,85.101074,,176.71361,55805788.0,0.0857,123.239,
TON.JO,Tongaat Hulett Ltd,Consumer Defensive,71474774016.0,17.939,29.488825,,,0.0,4.791177,1684375040.0,,,
TPC.JO,Transpaco Ltd,Consumer Cyclical,55719124992.0,3.374,518.6722,0.156,75.8824,0.35860002,26.802332,24014124.0,0.0875,33.151,
TPF.JO,Transcend Res Prop Fd Ld,Real Estate,81809375232.0,1.354,461.59528,0.1421,65.07028,0.42610002,262.99344,136672128.0,0.098400004,99.857,
TRE.JO,Trencor Ltd,Industrials,78075002880.0,-0.43,,-0.05431,70.27956,0.0,,-57625000.0,,0.09,
TRL.JO,Trellidor Hldgs Ltd,Industrials,30943184896.0,0.407,798.5258,0.23702,175.67567,0.4423,59.69135,68770568.0,0.0651,15.354,
TRU.JO,Truworths Int Ltd,Consumer Cyclical,2247161020416.0,4.769,1209.4779,0.32068002,369.2938,0.5515,137.02202,2924750080.0,0.0657,63.948,2.59
TSG.JO,Tsogo Sun Gaming Ltd,Consumer Cyclical,1164309299200.0,0.02,55650.0,0.01582,791.60736,0.0,204.76772,618000000.0,,750.253,
TTO.JO,Trustco Group Hldgs Ltd,Financial Services,235536007168.0,,,,,0.0,,,,58.081,
TWR.JO,Tower Property Fund Ltd,Real Estate,126466498560.0,-1.24,,-0.15225,59.894585,,391.58563,203436992.0,0.0598,78.767,
TXT.JO,Textainer Group Hldgs Ltd,Industrials,3044494016512.0,76.602,806.95026,0.16874,2126.2383,0.0,3771.411,-1864219776.0,0.0272,298.964,0.57
UAT.JO,,,,,,,,,,,,,
UPL.JO,Universal Partners Ltd,Financial Services,131015163904.0,7.849,229.32858,0.28952998,1242.2361,0.0,165760.98,-2980370.0,0.2362,,
VIS.JO,Visual International Hldgs Ltd,Real Estate,2407596032.0,-0.024,,,,0.0,103896.6,-2297610.0,,,
VKE.JO,Vukile Property Fund Ltd,Real Estate,1166596898816.0,1.708,714.28577,0.08555,67.57131,0.8742,342.5123,-1821750016.0,0.11359999,85.911,
VOD.JO,Vodacom Group Ltd,Communication Services,22895409496064.0,9.262,1458.8641,0.18326999,280.0995,0.89089996,228.23744,9317499904.0,0.0622,55.323,
VUN.JO,Vunani Ltd,Financial Services,48118964224.0,0.149,2006.7113,0.04761,157.95035,0.47529998,77.194016,133970128.0,0.0638,24.836,
VVO.JO,Vivo Energy plc,Energy,3514491731968.0,1.748,1586.9565,0.19113001,4403.175,0.58529997,466.60803,252250000.0,0.0278,94.201,
WBO.JO,Wilson Bayly Hlm-Ovc Ltd,Industrials,608306528256.0,5.94,1925.0841,0.06093,110.02598,0.0,15.869661,-1615291648.0,0.0183,9.915,0.69
WEA.JO,,,,,,,,,,,,,
WEZ.JO,Wesizwe Platinum Ltd,Basic Materials,260452810752.0,0.801,199.7503,0.47472998,74.90637,0.0,,-2502095616.0,,309.31,
WHL.JO,Woolworths Holdings Ltd,Consumer Cyclical,5231002255360.0,4.287,1261.0216,0.51701,545.4545,0.0,66.41446,7855374848.0,0.0252,353.283,3.32
WKF.JO,Workforce Holdings Ltd,Industrials,29764943872.0,0.335,394.02985,0.10646,39.274025,0.0,9.449293,-143615920.0,,46.005,
WSL.JO,Wescoal Holdings Ltd,Energy,79784230912.0,0.084,2261.9048,0.03758,83.8112,0.0,17.810034,91622496.0,,117.202,
YRK.JO,York Timber Holdings Ltd,Basic Materials,120000610304.0,0.44,897.7273,0.04729,41.46982,0.0,64.84171,336645504.0,,18.408,
YYLBEE.JO,YeboYethu (RF) Ltd,Communication Services,264500002816.0,24.0,208.33333,0.41524,72.6343,0.0481,281.83273,277319136.0,0.044299997,257.738,
ZED.JO,Zeder Inv Ltd,Financial Services,493697990656.0,0.8,401.25,0.21370001,72.134834,0.0,896.0036,-336000000.0,,,
