Ticker,Name,Sector,Market_cap,EPS,PE_ratio,ROE,PB_ratio,Div_payout,PS_ratio,FCF,Debt_to_equity
4SI.JO,4Sight Holdings Ltd,Technology,158167674.88,-0.015,1670.7868476875,0.02316,51.72414,0.0,32.01226,1271869.84,4.158
ABG.JO,Absa Group Limited,Financial Services,133950309662.72,16.349,987.15515,0.11218,110.10596,0.0,186.48239,-2810093.5235294118,53.87720588235294
ABSP.JO,ABSA Bank Ltd Pref,Financial Services,3631238021.12,17.941,4514.7983,0.09397,391.9652,0.29707872325531914,7.5106273,-2810093.5235294118,53.87720588235294
ACL.JO,ArcelorMittal SA Limited,Basic Materials,10588795699.2,2.326,408.42648,0.84142,230.07991,0.0,33.911274,19444999.68,148.718
ACS.JO,Acsion Limited,Real Estate,1647767879.68,1.494,280.45517,0.08583,21.17124,0.0,225.91226,1832291.2,15.684
ACT.JO,AfroCentric Inv Corp Ltd,Healthcare,2917781340.16,0.511,998.0431,0.15491,125.58484,0.6361,36.122425,1247282.48,30.589
ACZ.JO,Arden Capital Limited,Consumer Cyclical,2189840.0,-2.603,3200.934360714286,-0.24354,3.220612,0.0,7.2532864,-106444.98,2.916
ADH.JO,ADvTECH Ltd,Consumer Defensive,9619250216.96,1.084,1628.2288,0.15461001,236.4367,0.18450001,173.93092,8274124.8,46.645
ADI.JO,Adapt IT Holdings Ltd,Industrials,967697121.28,0.503,1401.5905,0.089090005,120.492226,0.0,64.36819,2515490.72,65.739
ADR.JO,Adcorp Holdings Limited,Industrials,575664005.12,0.275,1949.0908,0.01551,42.753452,0.0,5.055425,262417.5,50.37
ADW.JO,African Dawn Capital Ltd,Financial Services,20367008.0,-0.226,2640.3947586956524,0.1283900003469388,1203.0324925,0.0,239.18976,-2810093.5235294118,53.87720588235294
AEE.JO,African Equity Emp Inv Ltd,Technology,540124200.96,-0.271,1670.7868476875,-0.045819998,19.07735,0.24895237619047622,23.090431,-3705471.36,4.068
AEG.JO,Aveng Group Limited,Industrials,3364397056.0,12.356,231.70929,0.118,2164.0212,0.0,15.640356,3672499.84,40.545
AEL.JO,Altron Limited A,Technology,3177200025.6,31.536,26.985033,0.03803,73.51417,1.1429,42.373966,-432500.0,42.024
AFE.JO,AECI Limited,Basic Materials,12912922460.16,3.929,2989.3103,0.04247,122.910934,1.4503999,52.38933,5995000.32,45.946
AFEP.JO,"AECI Limited 5,5% Pref",Basic Materials,106856232.96,3.929,356.57928,0.04247,14.6614065,0.19209999849999998,0.43352902,5995000.32,45.946
AFH.JO,Alexander Forbes Grp Hldgs,Financial Services,5778469027.84,0.118,3644.0679,0.10569999,135.56116,0.6875,138.30707,6780000.0,16.123
AFT.JO,Afrimat Limited,Basic Materials,8410679869.44,5.342,1141.8944,0.32646,312.16415,0.2767,184.57669,8140282.24,19.038
AGL.JO,Anglo American plc,Basic Materials,950317550141.44,86.05,823.1493,0.29116,2955.2737,0.18110001,2236.357,76622499.84,34.75
AHA.JO,Arrowhead Prop Ltd A,Real Estate,965868011.52,0.176,8750.0,0.01867,244.75525,0.39719999435897435,48.358467,15012450.56,66.791
AHB.JO,Arrowhead Prop Ltd B,Real Estate,3805687971.84,0.176,2272.7273,0.01867,63.572792,0.39719999435897435,190.54077,15012450.56,66.791
AHL.JO,AH-Vest Limited,Consumer Defensive,53025960.96,0.1,520.0,0.25804,119.815674,8.0689,29.425722,-23172.9,98.379
AIL.JO,African Rainbow Cap Inv,Financial Services,9619720765.44,0.73,1000.0,0.08428001,82.476555,0.0,1044.4865,5706250.24,53.87720588235294
AIP.JO,Adcock Ingram Hldgs Ltd,Healthcare,8134810009.6,3.961,1269.6289,0.1436,173.7313,0.202,104.60284,1111836.24,6.311
ALH.JO,Alaris Holdings Ltd,Technology,504206417.92,0.383,1065.2742,0.19236,190.12117,0.0,153.57866,289346.24,9.502
AME.JO,African Media Ent Ltd,Communication Services,283612672.0,0.949,3793.4668,0.04277,119.37923,1.0519999,125.83197,209960.0,61.18921428571429
AMS.JO,Anglo American Plat Ltd,Basic Materials,456042647388.16,266.403,647.2374,0.80764,394.1769,0.1713,224.47684,452652482.56,3.855
ANG.JO,Anglogold Ashanti Ltd,Basic Materials,123479858872.32,33.746,876.7558,0.27438,3236.7356,0.2148,2787.9849,7408750.08,54.505
ANH.JO,Anheuser-Busch InBev SA NV,Consumer Defensive,1811218578800.64,39.615,2631.9575,0.137499599998,3009.178,0.4181,3425.602,7309577.567037038,113.923
ANI.JO,Afine Investments Ltd,Real Estate,272000000.0,0.4327647058823531,1411.27358334375,0.02961041621875,597.8926208265307,0.39719999435897435,6299.832352509804,1611233.3044,93.16957142857143
AON.JO,African & Over Ent Ltd -N,Consumer Cyclical,74210995.2,-4.471,3200.934360714286,0.08354,63.807346,0.0,15.960692,1236077.52,125.558
AOO.JO,African & Over Ent Ltd,Consumer Cyclical,21200000.0,-4.471,3200.934360714286,0.08354,149.05959,0.0,4.559522,1236077.52,125.558
APF.JO,Accelerate Prop Fund Ltd,Real Estate,1131652956.16,-0.71,1411.27358334375,-0.106929995,18.387096,0.0,115.76965,-7745212.8,103.484
APH.JO,Alphamin Resources Corp,Basic Materials,21694486937.6,0.321,5573.2085,0.16237,10222.857,0.0,7801.212,699452.32,15.623
APN.JO,Aspen Pharmacare Hldgs Ltd,Healthcare,98966521774.08,10.528,2065.2546,0.07116,150.8014,0.0,262.0519,89459998.72,37.951
ARA.JO,Astoria Investments Ltd,Financial Services,283852001.28,2.679,186.63681,0.53319,875.6568,0.0,2787.8726,60309.69,53.87720588235294
ARH.JO,ARB Holdings Limited,Technology,1739000053.76,0.814,909.0909,0.16614,140.73793,0.0,59.495323,2069495.04,13.016
ARI.JO,African Rainbow Min Ltd,Basic Materials,45473018675.2,63.99,362.85355,0.39731,113.13042,0.26569998,231.33243,23506250.24,3.356
ARL.JO,Astral Foods Ltd,Consumer Defensive,6487169433.6,12.17,1372.6376,0.11098,155.24516,0.90790004,40.887398,1905012.48,18.44
ART.JO,Argent Industrial Ltd,Basic Materials,764347760.64,2.849,466.47946,0.14936,64.36771,0.0,35.513977,218823.76,18.427
ASC.JO,Ascendis Health Ltd,Healthcare,399640043.52,-2.265,3518.170847,-1.67082,115.76011,0.0,17.928434,-46610698.24,1359.719
ATI.JO,Afristrat Inv Hldgs Ltd,Industrials,594458992.64,-0.005,1211.8949705263158,0.07165000008888889,311.34461130434784,0.0,-404.38013,9097657.18068182,106.65353333333334
ATT.JO,Attacq Limited,Real Estate,5408300728.32,0.216,3550.9258,0.01358,48.68605,0.0,219.76573,640593.76,91.65
AVI.JO,AVI Ltd,Consumer Defensive,25086611947.52,4.974,1527.9453,0.34939,569.886,0.8243,189.05896,18145625.6,43.588
AVL.JO,Advanced Health Ltd,Healthcare,274331750.4,-0.052,3518.170847,0.00345,504.58716,0.0,40.3029,709744.96,353.763
AVV.JO,Alviva Holdings Ltd,Technology,2051374940.16,2.589,695.6354,0.12347999,84.94482,0.0579,13.773963,74161.25,59.545
AYO.JO,Ayo Tech Solutions Ltd,Technology,1359289794.56,-0.596,1670.7868476875,-0.06537,35.28676,0.24895237619047622,79.982124,-5449667.2,3.844
BAT.JO,Brait PLC,Financial Services,6045554442.24,0.997,459.37814,0.12276,1139.3035,0.0,5962.6187,387103.52,62.83
BAU.JO,Bauba Resources Limited,Basic Materials,277432299.52,-0.047,1487.5311742424242,-0.08891,83.333336,0.0,100.11992,-1172323.76,34.804
BAW.JO,Barloworld Ltd,Industrials,27314967019.52,13.758,1001.381,0.1362,128.7859,0.0992,65.73525,61977497.6,63.575
BCF.JO,Bowler Metcalf Ltd,Consumer Cyclical,845058867.2,1.273,926.1587,0.12942,115.328186,0.3841,132.97334,199137.5,0.218
BEL.JO,Bell Equipment Ltd,Industrials,1233619271.68,1.539,838.2066,0.04681,34.361515,0.0,16.547428,8532840.96,30.861
BHP.JO,BHP Group Plc,Basic Materials,1062519040901.12,35.438,1419.5779,0.2496,4962.711,0.6935,1735.2632,189752504.32,38.79
BID.JO,BID Corporation Ltd,Consumer Defensive,110923968675.84,9.232,3595.1038,0.11273,398.05234,0.0,96.620766,38968000.0,50.256
BIK.JO,Brikor Ltd,Industrials,322576793.6,0.031,1290.3226,0.24518,277.7778,0.0,114.19496,161810.0,25.768
BLU.JO,Blue Label Telecoms Ltd,Communication Services,4627702415.36,0.914,563.45734,0.29823,140.86433,0.0,25.09782,13047787.52,55.063
BRN.JO,Brimstone Inv Corp Ltd-N,Consumer Defensive,1371019018.24,0.986,659.2292,0.114829995,69.91502,0.0,27.996943,752113.76,99.658
BRT.JO,Brimstone Inv Corp Ltd,Consumer Defensive,239610142.72,0.986,659.2292,0.114829995,69.91502,0.0,4.8929677,752113.76,99.658
BTI.JO,British American Tob plc,Consumer Defensive,1512820357201.92,57.801,1140.5858,0.09585,2397.1711,0.9768,5891.0454,49457500.16,71.248
BUC.JO,Buffalo Coal Corp,Energy,320228270.08,-0.005,1486.8909039999999,-0.202518021,649.9619150999999,0.0,93.57913,276799.66,59.7057
BVT.JO,Bidvest Ltd,Industrials,65853299097.6,11.305,1713.8434,0.14861,257.86572,0.2568,74.56654,84421386.24,90.09
BWN.JO,Balwin Properties Ltd,Real Estate,1544191180.8,0.79,416.4557,0.11852,47.612156,0.45369998,50.083977,-5523661.44,78.05
BYI.JO,Bytes Technology Group,Technology,25624573378.56,2.002,5344.6553,0.52098,69934.64,0.0,6047.725,501845.0,3.5
CAC.JO,Cafca Limited,Industrials,905251225.6,0.138,840.5797,-0.14285,229.70297,0.76089996,194.60926985909092,9097657.18068182,7.559
CAT.JO,Caxton CTP Publish Print,Communication Services,3163906703.36,1.481,596.894,0.09671,51.497143,0.0,60.606422,4060062.4,0.334
CATP.JO,Caxton CTP Publish 6%Pf,Communication Services,30469944.32,1.481,6448.3457,0.09671,556.3323,0.0,0.583669,4060062.4,0.334
CCO.JO,Capital&Counties Prop plc,Real Estate,31931252080.64,-9.219,1411.27358334375,-0.19976999,1927.5437,0.0,45812.414,896750.0,56.951
CFR.JO,Compagnie Fin Richemont,Consumer Cyclical,1286507541299.2,7.472,3043.8972,0.13611001,7048.032,0.4186,7762.6714,29105000.96,78.669
CGN.JO,Cognition Holdings Ltd,Industrials,171954749.44,0.009,8333.334,0.048010003,78.78151,0.0,74.58053,290104.52,106.65353333333334
CGR.JO,Calgro M3 Hldgs Ltd,Consumer Cyclical,485600010.24,0.84,476.1905,0.12708999,55.332687,0.0,45.831573,261570.4,105.427
CHP.JO,Choppies Enterprises Ltd,Consumer Defensive,994555084.8,0.07,1100.0,0.137499599998,355.1564760384615,0.0,18.656906,1014540.0,59.40092307692308
CKS.JO,Crookes Brothers Ltd,Consumer Defensive,610419343.36,-0.583,6503.456660916666,0.01276,58.91279,0.8028500015384616,90.89559,1616456.32,32.4
CLH.JO,City Lodge Hotels Ltd,Consumer Cyclical,3179313561.6,-1.61,3200.934360714286,-1.06948,348.58932,0.0,623.40826,-8694541.44,227.451
CLI.JO,Clientele Ltd,Financial Services,3520880967.68,1.169,898.20355,0.37458,325.78342,0.8129,122.786896,3453302.4,10.182
CLS.JO,Clicks Group Ltd,Healthcare,75543153213.44,7.438,4136.058,0.38285,1572.0782,0.7648,202.31686,27551833.6,60.828
CMH.JO,Combined Motor Hldgs Ltd,Consumer Cyclical,1855089541.12,4.445,557.93024,0.37587002,191.98018,0.5061,17.611015,3917873.6,120.593
CML.JO,Coronation Fund Mngrs Ld,Financial Services,18280496496.64,4.879,1071.1211,0.76874,806.73047,0.9203,423.84644,113492500.48,24.051
CMO.JO,Chrometco Ltd,Basic Materials,152545792.0,-0.078,1487.5311742424242,-5.43333,1373.5304376375,0.0,13.64516,-919488.72,38.22526315789474
CND.JO,Conduit Capital Ltd,Financial Services,468027637.76,-0.211,2640.3947586956524,-1.51274,2615.3845,0.0,44.409744,-539958.76,399.716
COH.JO,Curro Holdings Limited,Consumer Defensive,7384830443.52,0.011,112272.73,-0.00097000005,106.273125,0.0,224.59947,-2106249.92,45.255
CPI.JO,Capitec Bank Hldgs Ltd,Financial Services,243163579023.36,66.927,3142.2295,0.26708,762.17194,0.239,1162.5182,-2810093.5235294118,53.87720588235294
CPIP.JO,Capitec Bank Hldgs Pref,Financial Services,1698454568.96,66.927,164.34323,0.26708,39.862717,0.29707872325531914,8.119984,-2810093.5235294118,53.87720588235294
CRP.JO,Capital & Regional Plc,Real Estate,2084040048.64,-24.746,1411.27358334375,-0.67609,1112.0918,0.0,2964.495,64875.0,377.348
CSB.JO,Cashbuild Ltd,Consumer Cyclical,6131287982.08,29.326,922.3897,0.28256,240.26718,0.3396,48.60073,9402435.2,65.171
CSG.JO,CSG Holdings Ltd,Industrials,176400506.88,0.117,290.5983,0.0975,40.332146,0.0,11.114419,-418252.48,28.019
CTA.JO,CAPITAL APPRECIATION LTD,Technology,2433260093.44,0.132,1515.1515,0.118389994,171.52658,0.41669998,330.96124,450622.48,1.075
DCP.JO,Dis-Chem Pharmacies Ltd,Healthcare,30265979699.2,0.902,3902.439,0.2793,990.43335,0.3448,106.54349,16598164.48,135.656
DGH.JO,Distell Group Hldgs Ltd,Consumer Defensive,37279005409.28,8.778,1930.1664,0.15685001,284.85684,0.0,186.84683,28098629.12,34.626
DIA.JO,Dipula Income Fund A,Real Estate,2461161226.24,0.801,1161.0487,0.08623,90.30879,0.73690003,187.30927,2519422.56,64.02
DIB.JO,Dipula Income Fund B,Real Estate,1058563932.16,0.801,499.3758,0.08623,38.84249,0.56310004,80.56312,2519422.56,64.02
DKR.JO,Deutsche Konsum REIT-AG,Real Estate,720695951.36,33.075,61.980347,0.21283,154.00797,0.2299,861.6436,-250662.88,132.318
DLT.JO,Delta Property Fund Ltd,Real Estate,449964892.16,-0.302,1411.27358334375,-0.05947,12.321533,0.0,31.503572,1424584.96,131.917
DNB.JO,Deneb Investments Ltd,Industrials,779854643.2,0.363,493.11295,0.11133,49.13533,0.28280002,26.509085,1205721.28,63.206
DRA.JO,DRA Global Ltd,Industrials,1817269370.88,3.557,943.2106,0.07165000008888889,845.72723,0.12270000069767442,168.99942,9097657.18068182,19.116
DRD.JO,DRD Gold Ltd,Basic Materials,10928356720.64,16.72,76.43541,0.32501,22.673243,0.4486,207.40855,7373125.12,1.137
DSBP.JO,Discovery Ltd B pref,Financial Services,992515194.88,4.754,2030.2902,0.07079,138.91367,0.29707872325531914,1.2703218,-131928750.08,43.278
DSY.JO,Discovery Ltd,Financial Services,94494387077.12,4.754,3026.2935,0.07079,207.06082,0.0,120.94352,-131928750.08,43.278
DTC.JO,Datatec Ltd,Technology,8016598138.88,0.918,4025.0544,0.02664,1289.7034,1.1819999,182.04778,265870.0,99.706
EEL.JO,Efora Energy Limited,Energy,132459601.92,-0.411,1486.8909039999999,-2.3300102,444.44443,0.0,7.8178806,184872.5,59.7057
ELI.JO,Ellies Holdings Ltd,Technology,281889996.8,0.014,2500.0,0.009649999,179.48718,0.0,27.27995,-24023.75,104.765
EMH.JO,E Media Holdings Ltd,Communication Services,270618752514.9257,58.181285714285714,1916.247661846154,0.0841,736.7215752142857,0.2929,3787.574549928571,9243139.84,14.143
EMI.JO,Emira Property Fund Ltd,Real Estate,5093265571.84,0.955,1039.7906,0.06279,65.42795,0.8615,269.06357,5077699.84,72.392
EMN.JO,E Media Holdings Ltd -N-,Communication Services,1450217963.52,0.449,857.461,0.0841,63.395355,0.2929,49.994293,9243139.84,14.143
ENX.JO,enX Group LImited,Industrials,1414662717.44,1.653,471.86932,0.06414,53.889732,0.0,32.63659,-4814732.48,82.031
EOH.JO,EOH Holdings Ltd,Technology,1130678599.68,-1.66,1670.7868476875,-1.00112,717.3447,0.0,16.44812,1203433.76,1535.953
EPE.JO,EPE Capital Partners Ltd,Financial Services,1305524961.28,0.018,28166.668,0.00271,76.05761,0.0,4012.9253,46291.25,9.087
EPP.JO,EPP N.V.,Real Estate,10486788259.84,-1.076,1411.27358334375,-0.05629,1127.9297,0.0,6645.8726,279925.0,157.926
EPS.JO,Eastern Platinum Ltd,Basic Materials,537501859.84,0.481,810.8108,0.04091,409.234,0.0,785.69507,-132041.25,60.164
EQU.JO,Equites Prop Fund Ltd,Real Estate,16655887892.48,2.625,870.8571,0.15112,129.64328,0.58599997,1140.8595,1221916.24,44.016
ETO.JO,Etion Limited,Technology,242696724.48,0.205,209.7561,0.09352,56.5046,0.0,36.267563,-335887.52,13.536
EUZ.JO,Europa Metals Limited,Basic Materials,87043655.68,-0.804,1487.5311742424242,-1.3224499,2244.898,0.0,58997.848,-16537.49,5.691
EXP.JO,Exemplar REITail Ltd,Real Estate,3189993635.84,1.025,936.5854,0.09402,87.04325,0.8296,355.01178,78515.83,68.717
EXX.JO,Exxaro Resources Ltd,Energy,61649599856.64,44.601,391.98672,0.25636998,108.749466,0.48400003,205.56718,33632499.2,22.97
FBR.JO,Famous Brands Ltd,Consumer Cyclical,7865856819.2,3.923,2001.0195,3.2978,2266.1663,0.0,138.51051,1235596.24,364.605
FFA.JO,Fortress REIT Ltd A,Real Estate,14931838894.08,1.559,822.322,0.13171,104.54212,0.1475,379.03494,2367473.76,61.687
FFB.JO,Fortress REIT Ltd B,Real Estate,3389324328.96,1.559,230.91725,0.13171,29.356602,0.0,86.035774,2367473.76,61.687
FGL.JO,Finbond Group Ltd,Financial Services,854124953.6,-0.245,2640.3947586956524,-0.13655,90.99181,0.0,49.086033,1116946.24,197.694
FSR.JO,Firstrand Ltd,Financial Services,361273774571.52,4.769,1350.8073,0.17704001,227.58426,0.2307,380.63675,-2810093.5235294118,53.87720588235294
FTH.JO,Frontier Transport Hldg Ld,Industrials,1450000056.32,0.856,584.1121,0.19205,109.02747,0.514,75.60203,3074582.4,23.34
FVT.JO,Fairvest Property Hldgs,Real Estate,2188075991.04,0.295,735.59326,0.1402,94.34783,0.6949,397.75027,2127117.44,52.187
GFI.JO,Gold Fields Ltd,Basic Materials,139282800967.68,16.742,937.164,0.28254,3567.531,0.2914,3379.5022,5028499.84,44.236
GLI.JO,Go Life International Ld,Healthcare,9000000.0,-0.005,3518.170847,-0.016953333333333334,574.61303775,0.0,232.59933657500002,978.08,195.02266666666665
GLN.JO,Glencore plc,Basic Materials,1151985642373.12,2.381,3666.9465,0.04476,3074.296,0.375,697.4039,108109998.08,100.599
GML.JO,Gemfields Group Limited,Basic Materials,4359475036.16,-0.204,1487.5311742424242,-0.025,1008.1081,0.0,3732.3313,251702.5,8.48
GND.JO,Grindrod Ltd,Industrials,3257973145.6,-0.892,1211.8949705263158,-0.06762,42.791603,0.0,84.61059,29721866.24,61.754
GNDP.JO,Grindrod Ltd Pref,Industrials,47612743.68,-0.892,1211.8949705263158,-0.06762,742.8975,0.12270000069767442,1.236518,29721866.24,61.754
GPL.JO,Grand Parade Inv Ltd,Consumer Cyclical,1236582973.44,-0.068,3200.934360714286,-0.01822,69.84924,0.0,73.789375,-209620.0,43.685
GRT.JO,Growthpoint Prop Ltd,Real Estate,49716223016.96,-0.153,1411.27358334375,0.0057,74.86165,0.39719999435897435,378.7614,42077498.88,82.092
GSH.JO,Grindrod Shipping Hldg Ltd,Industrials,5167672197.12,41.787,664.53687,0.23048,1843.5239,0.0,1217.3063,999723.76,101.798
GTC.JO,Globe Trade Centre S.A.,Real Estate,9711100231.68,-0.796,1411.27358334375,-0.02095,988.63074,0.0,5958.827,-59487.5,133.78
HAR.JO,Harmony GM Co Ltd,Basic Materials,34699487477.76,8.25,688.8485,0.18773001,112.34778,0.1333,83.1464,-4770000.0,11.604
HCI.JO,Hosken Cons Inv Ltd,Industrials,6226181488.64,-5.317,1211.8949705263158,0.09252,49.73257,0.0,35.73949,19017909.76,87.512
HDC.JO,Hudaco Industries Ltd,Industrials,3982148894.72,15.398,854.007,0.20841,150.44044,0.2676,56.882664,7857611.52,43.661
HET.JO,Heriot REIT Limited,Real Estate,2937053839.36,1.226,938.0098,0.11046,100.656456,0.39719999435897435,582.5939,1902049.92,61.87
HIL.JO,Homechoice Int plc,Consumer Cyclical,3249907630.08,1.686,1832.7402,0.05619,99.35372,0.0,116.77713,-2298750.08,36.583
HLM.JO,Hulamin Ltd,Basic Materials,1419081646.08,0.282,1631.2057,0.037469998,57.320873,0.0,13.679245,-1524793.76,33.72
HMN.JO,Hammerson plc,Real Estate,33220628316.16,-5.182,1411.27358334375,-0.309,1100.8772,0.39719999435897435,12617.025,2926750.08,75.518
HUG.JO,Huge Group Ltd,Communication Services,597280317.44,2.947,116.728874,0.41939,39.74122,0.0,246.95341,859218.8,8.052
HUL.JO,Hulisani Limited,Utilities,215000002.56,0.68,632.3529,0.09079,55.298355,0.088199995,338.30032,130868.75,26.014
HYP.JO,Hyprop Inv Ltd,Real Estate,12841726771.2,-2.969,1411.27358334375,-0.043390002,59.669018,0.39719999435897435,462.37787,-4224416.32,28.729
IAP.JO,Irongate Group,Real Estate,12009255731.2,1.063,1750.7056,0.29006,1230.8202,0.785,19118.58,-397455.28,42.237
ILE.JO,Imbalie Beauty Limited,Consumer Defensive,27680798.72,-0.005,6503.456660916666,0.07698,95.2381,0.0,930.7599,185513.76,11.217
ILU.JO,Indluplace Properties Ltd,Real Estate,1067882250.24,-0.344,1411.27358334375,-0.04657,48.738533,0.39719999435897435,177.71957,-41040.39,66.192
IMP.JO,Impala Platinum Hlgs Ltd,Basic Materials,176589929185.28,59.57,364.78094,0.6166,201.39017,0.235,136.28395,319083745.28,1.465
INL.JO,Investec Ltd,Financial Services,23271519027.2,8.695,1000.23004,0.08151,1680.5796,0.5573,1341.2445,-2810093.5235294118,53.87720588235294
INLP.JO,Investec Bank Ltd Pref,Financial Services,38201763.84,59.559,166.80939,0.11076,14.284584,0.29707872325531914,0.29325065,-2810093.5235294118,53.87720588235294
INP.JO,Investec plc,Financial Services,61150891868.16,8.695,1010.3508,0.08151,1697.5845,0.3268,3524.4067,-2810093.5235294118,53.87720588235294
INPP.JO,Investec plc Pref,Financial Services,1050442792.96,0.66,16666.666,0.1283900003469388,1616.9337,0.29707872325531914,333.74948,-2810093.5235294118,53.87720588235294
INPPR.JO,Investec plc Pref (Rand),Financial Services,844431441.92,8.695,920.6441,0.08151,1546.8599,0.29707872325531914,48.668465,-2810093.5235294118,53.87720588235294
IPF.JO,Investec Property Fund Ltd,Real Estate,10182212976.64,0.638,1982.7585,0.06264,75.66242,1.2333,685.79376,40514429.44,71.828
IPL.JO,Imperial Logistics Ltd,Industrials,12768086589.44,4.89,1320.8589,0.06662,178.08597,0.4511,24.456188,45558748.16,130.919
ISA.JO,ISA Holdings Limited,Technology,132915998.72,0.083,1132.5302,0.21505,233.83084,1.0921,197.45082,71072.5,97.66752380952381
ISB.JO,Insimbi Ind Hldgs Ltd,Industrials,413880975.36,0.195,512.82056,0.16608,73.31378,0.0,6.9905415,-325588.56,114.657
ITE.JO,Italtile Ltd,Consumer Cyclical,19467040194.56,1.401,1142.0414,0.29885998,306.396,0.2926,213.1039,7820000.0,13.511
IVT.JO,Invicta Holdings Ltd,Industrials,3403045273.6,6.509,475.49548,0.09956,88.16659,0.16950001,48.891323,17040051.2,34.986
IVTP.JO,Invicta Hldgs Ltd pref,Industrials,5634581071.805218,6.509,1310.6469,0.09956,243.02074,0.12270000069767442,194.60926985909092,17040051.2,34.986
JBL.JO,Jubilee Metals Group plc,Basic Materials,8090767196.16,0.381,874.01575,0.34874,5644.068,0.0,6090.37,-161124.76,6.841
JSC.JO,Jasco Electron Hldgs Ltd,Industrials,79846917.12,0.029,1241.3794,-0.46236,264.70587,0.0,12.125189,335007.5,555.647
JSE.JO,JSE Ltd,Financial Services,9507310796.8,7.766,1473.2167,0.17152001,249.97815,0.9257,394.56445,-4673948.8,7.335
KAL.JO,Kaap Agri Limited,Consumer Defensive,3701694791.68,4.518,1107.3484,0.14687,153.65007,0.1992,34.979107,1900068.8,63.182
KAP.JO,KAP Industrial Hldgs Ltd,Industrials,11036031713.28,0.383,1138.3812,0.11771,107.680916,0.0,46.06792,3315000.0,70.131
KBO.JO,Kibo Energy plc,Energy,205146214.4,-0.044,1486.8909039999999,-0.2343,583.3333,0.0,36879.912515044445,-26646.35,2.514
KIO.JO,Kumba Iron Ore Ltd,Basic Materials,159913481338.88,117.212,425.3831,0.77565,278.22263,0.5194,142.60037,465504993.28,0.567
KP2.JO,Kore Potash plc,Basic Materials,742607831.04,-0.02,1487.5311742424242,-0.01801,400.0,0.0,-4203837.0,-51848.71,38.22526315789474
KRO.JO,Karooooo Ltd,Technology,17329520640.0,14.615,3830.9956,0.0011795237619047633,928.17,0.0,696.14105,-72521.55476190476,10.997
KST.JO,PSG Konsult Limited,Financial Services,18461800529.92,0.584,2397.2603,0.21714,492.95776,0.4195,333.74948,-2810093.5235294118,7.114
L2D.JO,Liberty Two Degrees LTD,Real Estate,4169308897.28,0.097,4845.361,0.0127,61.712185,3.1479998,464.49832,1959011.2,30.513
L4L.JO,Long 4 Life Limited,Consumer Cyclical,3690719805.44,0.535,1084.112,0.08055,79.779915,0.0,92.094025,5393304.96,12.411
LAB.JO,Labat Africa Ltd,Technology,148736399.36,-0.008,1670.7868476875,-0.6339,197.36842,0.0,-94.23477,-378975.0,17.089
LBH.JO,Liberty Holdings Ltd,Financial Services,25631939624.96,3.688,2638.5576,0.047470003,120.77397,0.0,31.537685,169728747.52,64.258
LBR.JO,Libstar Holdings Ltd,Consumer Defensive,3980023889.92,0.083,8048.193,0.009,75.20829,6.0241,37.20836,2969043.84,52.35
LEW.JO,Lewis Group Ltd,Consumer Cyclical,3138367651.84,6.632,742.0084,0.10144,71.13225,0.4945,44.218555,6138625.28,17.567
LHC.JO,Life Healthc Grp Hldgs Ltd,Healthcare,33171214172.16,1.203,1896.0931,0.09437,183.61104,0.0,122.58847,24006248.96,68.118
LNF.JO,London Fin Inv Group plc,Financial Services,218452500.48,1.028,680.93384,0.08796,1157.0248,0.244,21229.592,2512.5,4.447
LTE.JO,Lighthouse Capital Ltd,Real Estate,14575084503.04,-3.593,1411.27358334375,0.02961041621875,5677.215,0.39719999435897435,-14030.773,1611233.3044,53.305
LUX.JO,Luxe Holdings Limited,Consumer Cyclical,53255280.64,-0.831,3200.934360714286,-0.1478,42.5155,0.0,12.007197,396488.76,155.649
MCG.JO,MultiChoice Group Ltd,Communication Services,51150045839.36,2.447,4878.2183,0.31847998,426.29095,2.3347,94.45294,215252500.48,183.038
MCZ.JO,MC Mining Limited,Energy,191480791.04,-1.233,1486.8909039999999,-0.11522,178.41727,0.0,924.9386,31983.75,25.246
MDI.JO,Master Drilling Grp Ltd,Industrials,1800029798.4,0.793,1500.6305,0.04698,1114.2323,0.0,1306.8418,151765.91,24.446
MEI.JO,Mediclinic Int plc,Healthcare,51127873699.84,3.428,2023.0455,0.04341,1682.0276,0.0,1615.4147,2271750.08,81.424
MFL.JO,Metrofile Holdings Ltd,Industrials,1448557936.64,0.312,1070.5128,0.26347,259.31677,0.44939998,155.18074,1785521.28,104.157
MHB.JO,Mahube Infrastructure Ltd,Financial Services,289542758.4,0.289,1816.609,0.026199998,48.129814,1.7330999,4535444.0,-300820.5,0.149
MIX.JO,Mix Telematics Ltd,Technology,4281431162.88,0.39,1810.2565,0.116960004,3137.7778,0.35970002,3070.8655,145930.0,6.337
MKR.JO,Montauk Renewables Inc,Utilities,22139355791.36,-0.853,632.3529,-0.04572,12712.551,0.0,17203.365,206417.5,34.637
MLI.JO,Industrials REIT Limited,Real Estate,12154854440.96,5.045,828.5431,0.18832001,2623.9797,0.2365,24098.605,521112.48,32.23
MMP.JO,Marshall Monteagle plc,Industrials,860580003.84,0.784,3061.2246,0.04344,982.801,0.18110001,647.3203,4672.5,21.268
MNP.JO,Mondi plc,Basic Materials,187603500400.64,21.5,1797.0698,0.13258,4417.6763,0.758,2743.5435,3913750.08,49.525
MPT.JO,Mpact Limited,Consumer Cyclical,5146065633.28,3.037,1157.3922,0.14389,144.081,0.1408,43.165173,6874375.04,52.653
MRF.JO,Merafe Resources Ltd,Basic Materials,3263910051.84,0.213,610.3286,0.20688,114.1352,0.0,52.74476,7515871.36,0.6
MRP.JO,Mr Price Group Ltd,Consumer Cyclical,52855261102.08,11.493,1793.3524,0.2888,483.83765,0.5818,204.57198,20985625.6,59.061
MSM.JO,Massmart Holdings Ltd,Consumer Cyclical,13915327037.44,-7.7,3200.934360714286,-0.59835,792.06683,0.0,15.69861,296375.0,1100.758
MSP.JO,MAS P.L.C,Real Estate,15069127639.04,1.821,1174.6294,0.07903,1733.3875,0.0,33218.984,2471711.2,46.9
MST.JO,Mustek Ltd,Technology,855219978.24,4.245,330.2709,0.23864001,68.5206,0.0612,10.642994,3145778.88,88.775
MTA.JO,Metair Investments Ltd,Consumer Cyclical,5297789992.96,3.723,738.383,0.18115999,135.89401,0.2016,43.110596,6092873.6,56.87
MTH.JO,Motus Holdings Ltd,Consumer Cyclical,20528737812.48,11.1,983.4234,0.17402,171.12668,0.1441,23.54078,82578749.44,99.301
MTM.JO,Momentum Met Hldgs Ltd,Financial Services,28534948495.36,0.313,6408.946,0.02422,138.28761,0.79870003,26.571327,-196720005.12,51.617
MTN.JO,MTN Group Ltd,Communication Services,294134858383.36,4.135,3954.0505,0.099589996,275.54477,0.0,161.57527,344692490.24,127.584
MTNZF.JO,MTN Zakhele Futhi,Financial Services,3829629583.36,-0.286,2640.3947586956524,-0.056789998,113.355736,0.0,inf,-393055.0,28.906
MUR.JO,Murray & Roberts Hldgs,Industrials,5507150643.2,-0.45,1211.8949705263158,0.0166,111.014534,0.0,25.167837,11878000.64,60.433
N91.JO,Ninety One Plc,Financial Services,34597883084.8,4.283,1297.4551,0.7268,17585.441,0.626,5272.46,18464125.44,38.703
NCS.JO,Nictus Ltd,Consumer Cyclical,48099148.8,0.109,825.6881,0.057210002,46.923878,0.4591,95.32512,-173107.5,9.116
NED.JO,Nedbank Group Ltd,Financial Services,88570939310.08,15.076,1210.3342,0.082159996,93.86462,0.0,193.23022,-2810093.5235294118,53.87720588235294
NFP.JO,New Frontier Prop Ltd,Real Estate,32352650.24,-0.164,1411.27358334375,0.02961041621875,597.8926208265307,0.0,287.01782,-18627.5,93.16957142857143
NPH.JO,Northam Platinum Hldgs Ltd,Basic Materials,74576654499.84,25.235,815.8906,0.65465,378.82944,0.0,228.57402,67077678.08,49.925
NPK.JO,Nampak Ltd,Consumer Cyclical,2453827256.32,0.321,1183.8005,0.088640004,50.815723,0.0,17.579575,2336124.96,169.003
NPKP.JO,Nampak Ltd 6%Pref,Consumer Cyclical,48013419476.26667,0.321,373.83176,0.088640004,16.047071,0.18659189243243243,298.6737692871795,2336124.96,169.003
NPN.JO,Naspers Ltd -N-,Communication Services,542266422722.56,561.077,450.67786,0.44219002,4213.3633,0.010299999,7733.4062,18141250.56,20.017
NRL.JO,Newpark REIT Ltd,Real Estate,379000012.8,0.464,816.81036,0.053239997,43.289547,0.8586,354.1328,207683.76,54.571
NRP.JO,NEPI Rockcastle Plc,Real Estate,65040668426.24,4.463,2393.0093,0.041020002,1755.1356,0.71129996,12768.094,4849883.84,61.351
NT1.JO,Net 1 UEPS Tech Inc,Technology,4531198033.92,-6.284,1670.7868476875,-0.08396,1744.186,0.0,3481.4128,-908761.28,21.677
NTC.JO,Netcare Limited,Healthcare,20950789652.48,0.543,2885.8196,0.07455,210.93015,0.0,98.824486,11150000.64,102.776
NTCP.JO,Netcare Limited Pref,Healthcare,247235215.36,0.543,15745.856,0.07455,1150.8951,0.16884999999999997,1.1662039,11150000.64,102.776
NUT.JO,Nutritional Holdings Ltd,Consumer Defensive,5461349.76,0.027,37.037037,1.02234,28.571428,0.0,12.290648,-183551.24,106.724
NVE.JO,NVest Financial Hldgs Ltd,Financial Services,452535132.16,0.22,836.36365,0.147,115.43288,0.5229,157.42406,584716.36,24.995
NVS.JO,Novus Holdings Limited,Industrials,766365614.08,-0.076,1211.8949705263158,-0.00964,32.21044,0.12270000069767442,27.003141,-909761.28,3.093
NWL.JO,Nu-World Hldgs Ltd,Technology,677672099.84,6.552,480.76923,0.10583,50.016674,0.2982,28.73669,3483779.84,5.425
NY1.JO,Ninety One Limited,Financial Services,50238602608.64,4.283,1278.3096,0.7268,17325.95,0.626,7655.9893,18464125.44,38.703
OAO.JO,Oando plc,Energy,2610593955.84,7.335800000000001,1486.8909039999999,0.11078,649.9619150999999,0.0,36879.912515044445,175374047.28599998,76.066
OAS.JO,Oasis Crescent Prop Fund,Real Estate,1346849751.04,2.527,801.34546,0.11139,86.14822,0.35169998,1253.9917,278880.0,0.104
OCE.JO,Oceana Group Ltd,Consumer Defensive,6330022625.28,6.332,856.2856,0.15463,128.15846,0.6206,76.72939,16873710.08,76.225
OCT.JO,Octodec Invest Ltd,Real Estate,2315922636.8,-0.657,1411.27358334375,-0.028180001,38.70968,0.39719999435897435,124.00296,2893245.12,79.859
OLG.JO,Onelogix Group Ltd,Industrials,640414023.68,0.125,2288.0,0.04393,69.11552,0.0,26.002647,2311511.2,101.38
OMN.JO,Omnia Holdings Ltd,Industrials,9765580963.84,9.738,613.78107,0.09651,104.736534,0.36830002,48.551163,30854999.04,6.94
OMU.JO,Old Mutual Limited,Financial Services,66302724014.08,0.794,1773.2997,0.057010002,97.29132,0.44189999,29.69714,-19086250.24,24.154
ORN.JO,Orion Minerals Limited,Basic Materials,1473179156.48,-0.006,1487.5311742424242,-0.03625,1545.4546,0.0,3202563.5,-77693.75,4.389
PAN.JO,Pan African Resource plc,Basic Materials,7211954339.84,0.616,607.1429,0.31971002,2544.2178,0.2373,1954.9111,593960.64,26.058
PBG.JO,PBT Group Limited,Technology,821304688.64,0.607,1614.4976,0.0011795237619047633,257.4882,0.6173,94.581406,-72521.55476190476,97.66752380952381
PEM.JO,Pembury Lifestyle Grp Lt,Consumer Defensive,40628500.48,-0.139,6503.456660916666,-0.25469,33.333332,0.0,27.967184,781558.0,25.771
PFB.JO,Premier Fishing Brands Ltd,Consumer Defensive,194999992.32,-0.021,6503.456660916666,0.00223,26.671408,0.8028500015384616,37.699955,-11830.0,5.645
PIK.JO,Pick n Pay Stores Ltd,Consumer Cyclical,25911783587.84,2.289,2359.5457,0.35539,886.8637,1.5381,26.643112,21945123.84,791.125
PMV.JO,Primeserv Group Ltd,Industrials,102051471.36,0.271,442.80444,0.12630999,52.863438,0.14770001,13.129441,228500.0,2.678
PPC.JO,PPC Limited,Basic Materials,8131265822.72,0.545,990.8257,0.21708,103.84616,0.0,82.997505,10571249.92,30.805
PPE.JO,Purple Group Ltd,Financial Services,3853090816.0,0.043,7767.4414,0.1878,991.0979,0.0,1956.5688,-2810093.5235294118,11.141
PPH.JO,Pepkor Holdings Ltd,Consumer Cyclical,86657676083.2,1.308,1792.049,0.0874,148.93887,0.0,112.06362,52253752.32,43.789
PPR.JO,Putprop Ltd,Real Estate,159034501.12,0.526,712.92773,0.0374,26.633522,0.19,211.8511,54282.5,81.448
PRX.JO,Prosus N.V.,Communication Services,2634597363875.84,200.109,653.87366,0.44414002,3777.7456,0.0101,43851.49,19772500.48,19.779
PSG.JO,PSG Group Ltd,Industrials,18100535951.36,36.625,236.01366,0.39334,78.53042,0.0448,219.05525,53373752.32,0.26
PSV.JO,PSV Holdings Ltd,Industrials,32553118.72,-0.074,1211.8949705263158,-0.06107,170.21277,0.0,16.132841,-228975.96,258.415
QFH.JO,Quantum Foods Hldgs Ltd,Consumer Defensive,1145772605.44,0.53,1094.3397,0.05446,57.29527,0.1887,21.213627,-1584535.04,5.451
QLT.JO,Quilter Plc,Financial Services,53336216698.88,0.812,3966.7488,0.03507,3100.0962,1.3296001,649.254,-10230000.0,17.91
RACP.JO,RECM and Calibre Limited,Financial Services,568800010.24,1.99,603.0151,0.119729996,84.40599,0.0,37437.85,-1996.92,53.87720588235294
RAV.JO,Raven Property Group Ltd,Real Estate,5381683281.92,2.288,415.20978,0.21595,1855.4686,0.0,3692.534,205305.76,349.851
RBP.JO,Royal Bafokeng Platinum Ltd,Basic Materials,44506624819.2,26.863,577.78357,0.36532003,183.33983,0.21100001,242.44118,19097875.2,8.729
RBX.JO,Raubex Group Ltd,Industrials,6691228221.44,2.509,1474.691,0.111719996,145.90482,0.21040002,61.41257,2068097.44,21.878
RCL.JO,RCL Foods Limited,Consumer Defensive,12854457794.56,1.117,1208.5945,0.09707,111.76421,0.22379999,40.565887,-1505796.32,41.321
RDF.JO,Redefine Properties Ltd,Real Estate,23577614090.24,0.502,864.5419,0.07198,60.119133,0.0,328.97778,47108126.72,78.691
REA.JO,Rebosis Property Fund Ltd A,Real Estate,195491942.4,-0.383,1411.27358334375,-0.087390006,73.67668,0.0,11.729564,-46339307.52,298.502
REB.JO,Rebosis Property Fund Ltd,Real Estate,188148142.08,-0.383,1411.27358334375,-0.087390006,6.4377685,0.0,11.288934,-46339307.52,298.502
REM.JO,Remgro Ltd,Financial Services,69740176343.04,6.255,2119.904,0.049310002,85.07744,0.1279,105.98328,37630000.64,16.616
REN.JO,Renergen Limited,Financial Services,4611593011.2,-0.345,2640.3947586956524,-0.16018,1594.2954,0.0,203692.27,-2685154.88,181.145
RFG.JO,RFG Holdings Limited,Consumer Defensive,3532099420.16,0.821,1644.3362,0.08071999,128.71854,0.3508,59.362785,591846.24,39.492
RHB.JO,RH Bophelo Limited,Healthcare,323456491.52,1.927,259.47067,0.14523,34.916203,0.0785,183.32933,428121.6,0.361
RLO.JO,Reunert Ltd,Industrials,8121670041.6,4.81,1059.0437,0.11512,121.30882,0.5447,84.82162,2787500.16,15.408
RMH.JO,RMB Holdings Ltd,Financial Services,2315187978.24,-0.068,2640.3947586956524,0.1283900003469388,61.2855,0.0,-4134.2656,-2810093.5235294118,53.87720588235294
RMI.JO,Rand Merchant Inv Hldgs Ltd,Financial Services,69750462873.6,1.885,2419.6287,0.11356,256.06332,0.119399995,366.74097,9387500.16,39.963
RNG.JO,Randgold & Expl Co Ltd,Basic Materials,85901998.08,-0.159,1487.5311742424242,-0.10012999,79.9467,0.0,-23085.99293979436,-128353.75,38.22526315789474
RNI.JO,Reinet Investments S.C.A,Financial Services,56864832225.28,26.994,1143.0688,0.059359998,1189.1476,0.1667,6447.26,5500000.0,0.042
RSG.JO,Resource Generation Ltd,Energy,389524561.92,-0.162,1486.8909039999999,-0.07811,385.0575,0.0,330105.56,-70257.5,101.405
RTN.JO,Rex Trueform Group -N-,Consumer Cyclical,179072614.4,1.106,906.87164,0.08889,78.267654,0.0,38.51347,1260075.04,123.738
RTO.JO,Rex Trueform Group Ltd,Consumer Cyclical,49398599.68,1.106,1537.0706,0.08889,132.65704,0.0,10.624246,1260075.04,123.738
RTOP.JO,Rex Trueform Grp 6%Pref,Consumer Cyclical,3956064.0,1.106,104.88246,0.08889,9.051892,0.18659189243243243,0.8508378,1260075.04,123.738
S32.JO,South32 Limited,Basic Materials,217523735756.8,-0.649,1487.5311742424242,0.01534,2436.4585,0.78470004,3899.6726,7773749.76,13.48
SAP.JO,Sappi Ltd,Basic Materials,25184260587.52,0.318,14103.774,0.00722,1278.5063,0.0,478.33353,501250.0,117.665
SAR.JO,Safari Investments RSA Ltd,Real Estate,1296864788.48,1.254,401.11646,0.15788999,60.17466,0.3344,331.5662,1099212.48,63.163
SBK.JO,Standard Bank Group Ltd,Financial Services,230490049085.44,12.537,1157.2147,0.10732,120.24965,0.1916,195.66219,-2810093.5235294118,53.87720588235294
SBP.JO,Sabvest Capital Limited,Financial Services,2385656053.76,18.966,318.04282,0.25559,73.20122,0.013200001,239.08562,6345704.96,7.772
SCD.JO,Schroder Eur REIT plc,Real Estate,3042471116.8,0.838,2714.797,0.03108,1524.799,0.5075,30657.709,-279060.0,35.297
SDO.JO,Stadio Holdings Limited,Consumer Defensive,2924564971.52,0.038,9078.947,0.01564,182.73305,0.0,288.3177,958407.52,14.769
SEB.JO,Sebata Holdings Ltd,Technology,273415004.16,-2.053,1670.7868476875,-0.1999,27.382256,0.0,1111.398,-3228925.12,4.006
SEP.JO,Sephaku Holdings Ltd,Basic Materials,486068264.96,0.078,2448.718,0.01793,43.330307,0.0,76.63639,461996.36,12.367
SFN.JO,Sasfin Holdings Ltd,Financial Services,890872545.28,2.412,1200.2488,0.04664,57.00053,0.0,80.84128,-2810093.5235294118,53.87720588235294
SHFF.JO,Steinhoff Inv Hldgs Pref,Consumer Cyclical,48013419476.26667,1.970225,3200.934360714286,0.1490548722051282,450.6523690512821,0.18659189243243243,298.6737692871795,14661692.026500002,169.55815384615386
SHG.JO,Sea Harvest Group Ltd,Consumer Defensive,3974650920.96,1.656,857.4879,0.1664,138.69896,0.2717,88.72747,2591.25,54.594
SHP.JO,Shoprite Holdings Ltd,Consumer Cyclical,113429457141.76,8.74,2375.515,0.22894,539.98804,0.4928,67.50548,60011248.64,161.394
SLM.JO,Sanlam Limited,Financial Services,127755500912.64,4.811,1288.0898,0.15545,212.82368,0.6177,71.68013,42301250.56,21.09
SNH.JO,Steinhoff Int Hldgs N.V.,Consumer Cyclical,22313432514.56,-4.939,3200.934360714286,0.1490548722051282,450.6523690512821,0.0,277.04782,1227500.0,169.55815384615386
SNT.JO,Santam Limited,Financial Services,29957685248.0,13.238,2051.3672,0.15564,301.23462,0.0,100.40448,-38287500.8,40.126
SNV.JO,Santova Logistics Ltd,Industrials,794833960.96,0.716,803.07263,0.16107,121.12913,0.0,151.75537,1170268.72,32.304
SOH.JO,South Ocean Holdings Ltd,Industrials,315079331.84,0.373,415.5496,0.14456001,59.684254,0.0855,14.402231,99107.5,27.671
SOL.JO,Sasol Limited,Energy,194733062225.92,14.39,2151.216,0.0683,133.0817,0.0,96.44548,858136248.32,77.8
SOLBE1.JO,BEE - Sasol Limited,Energy,1789529948.16,14.39,1042.3905,0.0683,64.4859,0.0,0.8863008,858136248.32,77.8
SPA.JO,Spanjaard Limited,Basic Materials,31105687.04,0.572,667.83215,0.09151,58.490276,0.0,21.580938,72705.0,43.903
SPG.JO,Super Group Ltd,Industrials,12921759334.4,2.839,1261.0074,0.09474,110.48701,0.0,32.698772,-1766316.32,80.853
SPP.JO,The Spar Group Ltd,Consumer Defensive,33072907550.72,11.738,1463.7076,0.2715,403.33826,0.8051,25.850225,-9632250.24,289.994
SRE.JO,Sirius Real Estate Ltd,Real Estate,32663297064.96,2.676,1043.7219,0.17362,3016.1987,0.2547,18169.594,-250510.0,71.834
SSK.JO,Stefanutti Stck Hldgs Ltd,Industrials,81949557.76,-1.373,1211.8949705263158,-0.53459,49.796745,0.0,1.4340303,1444477.44,1779.873
SSS.JO,Stor-Age Prop REIT Ltd,Real Estate,6484557168.64,2.228,672.3519,0.17708999,112.39496,0.4764,767.03467,3537672.64,42.045
SSW.JO,Sibanye Stillwater Ltd,Basic Materials,155960737792.0,15.468,358.28806,0.71443003,198.71634,0.2386,96.07848,218333634.56,20.968
SUI.JO,Sun International Ltd,Consumer Cyclical,6400066191.36,-3.301,3200.934360714286,-0.05776,381.44788,0.0,84.18925,54563747.84,595.326
SUR.JO,Spur Corporation Ltd,Consumer Cyclical,1977557975.04,1.105,2126.6968,0.17041,317.31027,0.0,290.2045,860971.28,6.518
SVB.JO,Silverbridge Holdings,Technology,37476628.48,0.12,1241.6667,0.06601,74.6493,0.0,38.844337,-31946.25,2.02
SYG.JO,Sygnia Limited,Financial Services,2723320463.36,1.537,1184.125,0.32454,378.85095,0.7526,387.13336,3831726.4,30.177
SZK.JO,SAB Zenzele Kabili,Financial Services,2748884582.4,-4.96,2640.3947586956524,0.1283900003469388,123.18063,0.29707872325531914,333.74948,-2810093.5235294118,133.224
TBS.JO,Tiger Brands Ltd,Consumer Defensive,32845240729.6,11.3,1619.3805,0.11444,195.03123,0.8096,106.11018,22315374.08,3.613
TCP.JO,Transaction Capital Ltd,Financial Services,32835774709.76,3.349,1383.9952,0.27606001,337.01736,0.056399997,676.6077,-2810093.5235294118,153.082
TDH.JO,Tradehold Ltd,Real Estate,2660014817.28,-2.174,1411.27358334375,-0.09567001,1166.1129,0.39719999435897435,3456.5398,261922.5,169.487
TFG.JO,The Foschini Group Limited,Consumer Cyclical,42879200788.48,-3.713,3200.934360714286,-0.06499,236.9415,0.0,108.71347,50383124.48,81.342
TFGP.JO,"Foschini Ltd 6,5%Pref",Consumer Cyclical,42770070241.28,-3.713,3200.934360714286,-0.06499,2.244709,0.18659189243243243,108.43678,50383124.48,81.342
TGA.JO,Thungela Resources Ltd,Energy,12112684646.4,7.335800000000001,1486.8909039999999,-0.202518021,115.063385,0.0,36879.912515044445,175374047.28599998,1.853
TGO.JO,Tsogo Sun Hotels LTD,Consumer Cyclical,4921440337.92,-0.618,3200.934360714286,-0.115380004,67.88991,0.0,296.11554,477500.0,68.746
THA.JO,Tharisa plc,Basic Materials,7597044531.2,5.928,472.3347,0.34073,1709.4017,0.1982,1273.9344,369351.24,8.166
TKG.JO,Telkom SA SOC Ltd,Communication Services,24678550732.8,5.365,930.84814,0.08758,74.662125,0.0,56.777985,102500.0,50.517
TLM.JO,Telemaster Holdings Ltd,Communication Services,83008650.24,-0.078,1916.247661846154,-0.11805,222.55193,0.3522785613571429,109.20355,83331.39,50.584
TMT.JO,Trematon Capital Inv Ltd,Real Estate,711343063.04,-0.079,1411.27358334375,-0.0086900005,85.101074,0.39719999435897435,176.71361,558057.88,123.239
TON.JO,Tongaat Hulett Ltd,Consumer Defensive,714747740.16,17.939,29.488825,0.137499599998,355.1564760384615,0.0,4.791177,16843750.4,59.40092307692308
TPC.JO,Transpaco Ltd,Consumer Cyclical,557191249.92,3.374,518.6722,0.156,75.8824,0.35860002,26.802332,240141.24,33.151
TPF.JO,Transcend Res Prop Fd Ld,Real Estate,818093752.32,1.354,461.59528,0.1421,65.07028,0.42610002,262.99344,1366721.28,99.857
TRE.JO,Trencor Ltd,Industrials,780750028.8,-0.43,1211.8949705263158,-0.05431,70.27956,0.0,194.60926985909092,-576250.0,0.09
TRL.JO,Trellidor Hldgs Ltd,Industrials,309431848.96,0.407,798.5258,0.23702,175.67567,0.4423,59.69135,687705.68,15.354
TRU.JO,Truworths Int Ltd,Consumer Cyclical,22471610204.16,4.769,1209.4779,0.32068002,369.2938,0.5515,137.02202,29247500.8,63.948
TSG.JO,Tsogo Sun Gaming Ltd,Consumer Cyclical,11643092992.0,0.02,55650.0,0.01582,791.60736,0.0,204.76772,6180000.0,750.253
TTO.JO,Trustco Group Hldgs Ltd,Financial Services,2355360071.68,7.828773584905661,2640.3947586956524,0.1283900003469388,1203.0324925,0.0,333.74948,-2810093.5235294118,58.081
TWR.JO,Tower Property Fund Ltd,Real Estate,1264664985.6,-1.24,1411.27358334375,-0.15225,59.894585,0.39719999435897435,391.58563,2034369.92,78.767
TXT.JO,Textainer Group Hldgs Ltd,Industrials,30444940165.12,76.602,806.95026,0.16874,2126.2383,0.0,3771.411,-18642197.76,298.964
UPL.JO,Universal Partners Ltd,Financial Services,1310151639.04,7.849,229.32858,0.28952998,1242.2361,0.0,165760.98,-29803.7,53.87720588235294
VIS.JO,Visual International Hldgs Ltd,Real Estate,24075960.32,-0.024,1411.27358334375,0.02961041621875,597.8926208265307,0.0,103896.6,-22976.1,93.16957142857143
VKE.JO,Vukile Property Fund Ltd,Real Estate,11665968988.16,1.708,714.28577,0.08555,67.57131,0.8742,342.5123,-18217500.16,85.911
VOD.JO,Vodacom Group Ltd,Communication Services,228954094960.64,9.262,1458.8641,0.18326999,280.0995,0.89089996,228.23744,93174999.04,55.323
VUN.JO,Vunani Ltd,Financial Services,481189642.24,0.149,2006.7113,0.04761,157.95035,0.47529998,77.194016,1339701.28,24.836
VVO.JO,Vivo Energy plc,Energy,35144917319.68,1.748,1586.9565,0.19113001,4403.175,0.58529997,466.60803,2522500.0,94.201
WBO.JO,Wilson Bayly Hlm-Ovc Ltd,Industrials,6083065282.56,5.94,1925.0841,0.06093,110.02598,0.0,15.869661,-16152916.48,9.915
WEZ.JO,Wesizwe Platinum Ltd,Basic Materials,2604528107.52,0.801,199.7503,0.47472998,74.90637,0.0,-23085.99293979436,-25020956.16,309.31
WHL.JO,Woolworths Holdings Ltd,Consumer Cyclical,52310022553.6,4.287,1261.0216,0.51701,545.4545,0.0,66.41446,78553748.48,353.283
WKF.JO,Workforce Holdings Ltd,Industrials,297649438.72,0.335,394.02985,0.10646,39.274025,0.0,9.449293,-1436159.2,46.005
WSL.JO,Wescoal Holdings Ltd,Energy,797842309.12,0.084,2261.9048,0.03758,83.8112,0.0,17.810034,916224.96,117.202
YRK.JO,York Timber Holdings Ltd,Basic Materials,1200006103.04,0.44,897.7273,0.04729,41.46982,0.0,64.84171,3366455.04,18.408
YYLBEE.JO,YeboYethu (RF) Ltd,Communication Services,2645000028.16,24.0,208.33333,0.41524,72.6343,0.0481,281.83273,2773191.36,257.738
ZED.JO,Zeder Inv Ltd,Financial Services,4936979906.56,0.8,401.25,0.21370001,72.134834,0.0,896.0036,-3360000.0,53.87720588235294
